review_id,product_id,review_date,review_rating,review_count
1,8,09-10-2023,2.36,80
2,403,19-09-2023,3.6,445
3,484,25-07-2024,3.29,118
4,33,27-06-2024,2.92,421
5,567,09-09-2023,3.01,286
6,713,18-07-2024,2.41,120
7,335,15-11-2023,4.25,432
8,202,30-04-2024,4.28,125
9,464,20-06-2024,1.74,279
10,13,22-04-2024,4.13,496
11,404,05-07-2024,2.04,205
12,927,07-09-2023,1.32,396
13,691,16-10-2023,1.25,326
14,524,04-12-2023,4.21,48
15,254,12-04-2024,4.98,464
16,850,03-10-2023,4.84,62
17,537,20-05-2024,3.29,489
18,32,27-05-2024,4.27,478
19,190,27-11-2023,3.19,306
20,502,13-01-2024,4.93,195
21,109,14-03-2024,2.25,357
22,123,24-11-2023,2.57,12
23,946,25-12-2023,1.64,51
24,170,28-12-2023,2.93,404
25,693,21-04-2024,2.34,175
26,38,13-01-2024,1.06,152
27,90,27-05-2024,4.32,209
28,930,08-10-2023,2.03,117
29,266,10-12-2023,1.61,300
30,864,10-12-2023,3.89,209
31,394,18-05-2024,3.73,119
32,418,05-03-2024,3.58,432
33,959,13-10-2023,4.42,109
34,405,11-10-2023,4.52,215
35,477,15-04-2024,3.57,302
36,361,27-12-2023,3.63,345
37,219,18-11-2023,1.53,83
38,565,26-09-2023,1.79,223
39,297,18-01-2024,4.97,496
40,506,15-04-2024,3.82,253
41,975,12-09-2023,1.36,1
42,51,20-09-2023,3.43,113
43,913,27-09-2023,2.4,401
44,864,26-01-2024,4.52,6
45,666,15-09-2023,2.48,13
46,221,10-04-2024,4.24,440
47,452,05-06-2024,4.8,462
48,165,26-10-2023,3.68,290
49,251,12-12-2023,1.16,62
50,27,11-09-2023,2.19,272
51,220,18-05-2024,1.8,409
52,561,23-03-2024,1.27,55
53,472,12-11-2023,2.86,90
54,460,24-04-2024,4.02,18
55,35,26-09-2023,4.12,163
56,907,06-05-2024,4.73,246
57,80,12-05-2024,2.13,447
58,459,06-01-2024,2.51,39
59,704,04-12-2023,2.8,297
60,869,11-06-2024,2.97,448
61,260,12-10-2023,3.2,201
62,682,17-09-2023,4.18,250
63,129,05-12-2023,2.79,371
64,91,19-09-2023,1.09,304
65,58,24-04-2024,1.13,49
66,917,07-11-2023,4.62,490
67,90,14-12-2023,1.83,391
68,552,23-04-2024,1.7,356
69,497,09-07-2024,1.49,440
70,332,25-09-2023,1.32,453
71,559,30-03-2024,4.54,290
72,838,21-03-2024,2.97,293
73,796,06-02-2024,1.31,134
74,767,10-11-2023,3.66,21
75,984,02-05-2024,2.28,126
76,647,11-11-2023,1.02,277
77,848,20-07-2024,2.87,192
78,956,06-12-2023,1.63,297
79,834,17-04-2024,4.67,223
80,341,05-05-2024,4.96,201
81,902,07-02-2024,2.05,315
82,481,13-04-2024,2.49,9
83,399,27-08-2023,4.63,123
84,6,17-11-2023,1.7,283
85,354,04-01-2024,3.86,340
86,728,22-04-2024,1.36,200
87,123,20-12-2023,2.72,264
88,242,25-11-2023,1.28,430
89,441,23-06-2024,2.32,455
90,419,15-01-2024,3.04,288
91,799,12-07-2024,1.63,117
92,399,21-07-2024,1.57,154
93,205,11-11-2023,2.8,160
94,362,10-10-2023,3.97,429
95,66,07-07-2024,4.01,220
96,327,18-01-2024,4.98,107
97,410,17-09-2023,3.9,398
98,621,26-07-2024,2.41,397
99,705,10-09-2023,3.97,415
100,228,10-11-2023,4.3,147
101,805,09-07-2024,3.43,238
102,519,12-01-2024,3.93,110
103,754,27-09-2023,2.51,135
104,870,15-08-2023,4.5,147
105,464,12-08-2023,4.87,55
106,986,13-03-2024,3.37,64
107,774,20-06-2024,4.46,138
108,425,09-03-2024,1.03,337
109,99,13-04-2024,2.46,161
110,866,09-06-2024,3.88,132
111,611,23-06-2024,3.16,190
112,968,08-02-2024,1.39,473
113,24,22-06-2024,1.18,326
114,498,08-04-2024,1.8,361
115,371,08-07-2024,1.69,338
116,732,25-05-2024,3.17,463
117,263,21-10-2023,1.73,8
118,1,23-02-2024,3.34,384
119,463,08-10-2023,1.73,294
120,455,24-12-2023,3.57,25
121,420,18-07-2024,1.33,153
122,570,26-06-2024,4.32,331
123,433,05-11-2023,4.23,143
124,835,04-03-2024,1.56,457
125,637,17-09-2023,1.35,388
126,811,01-10-2023,1.85,205
127,400,15-02-2024,3.93,229
128,262,18-02-2024,4.67,360
129,785,03-10-2023,3.63,401
130,313,20-06-2024,1.24,356
131,447,14-12-2023,1.72,175
132,302,15-09-2023,2.83,150
133,874,30-09-2023,1.71,267
134,588,06-10-2023,1.55,458
135,18,24-12-2023,2.46,328
136,740,04-09-2023,3.35,263
137,343,07-01-2024,1.21,400
138,635,18-04-2024,3.92,220
139,706,18-04-2024,1.1,271
140,101,13-03-2024,4.13,339
141,400,03-09-2023,3.53,374
142,465,05-09-2023,2.46,156
143,629,02-05-2024,4.06,249
144,917,19-11-2023,3.89,164
145,219,15-08-2023,3.66,343
146,261,15-03-2024,1.13,337
147,165,07-02-2024,4.54,376
148,8,21-10-2023,3.89,74
149,779,10-06-2024,3.27,304
150,613,28-02-2024,3.49,441
151,709,08-06-2024,3.1,290
152,787,12-06-2024,2.81,344
153,771,03-09-2023,1.13,119
154,219,24-01-2024,1.98,256
155,407,11-10-2023,2.1,300
156,830,05-03-2024,3.88,169
157,589,05-03-2024,3.27,483
158,256,06-10-2023,4.7,376
159,399,23-03-2024,2.72,150
160,187,30-11-2023,2.41,4
161,167,27-03-2024,2.49,336
162,900,29-07-2024,4.1,407
163,258,29-08-2023,4.11,101
164,426,18-02-2024,2.36,208
165,329,16-12-2023,3.47,281
166,570,21-02-2024,5,301
167,632,14-10-2023,3.28,162
168,133,01-10-2023,1.56,429
169,389,08-12-2023,2.83,280
170,931,05-03-2024,3.14,108
171,179,27-01-2024,4.46,161
172,690,23-10-2023,4.93,206
173,140,03-07-2024,1.56,60
174,111,02-08-2023,2.27,447
175,446,27-09-2023,3.68,135
176,125,25-09-2023,3.17,313
177,308,30-04-2024,3.12,79
178,630,30-09-2023,1.42,374
179,650,04-04-2024,2.83,152
180,27,17-06-2024,3.83,360
181,374,02-08-2023,4.25,163
182,720,07-10-2023,2.55,204
183,344,15-07-2024,3.36,144
184,578,19-04-2024,2.77,104
185,132,28-08-2023,2.59,171
186,544,02-08-2023,3.76,248
187,436,11-09-2023,3.14,286
188,98,29-10-2023,3,21
189,110,16-06-2024,1.57,311
190,499,10-02-2024,3.73,95
191,124,14-12-2023,1.39,379
192,939,26-04-2024,2.23,247
193,696,22-08-2023,1.96,410
194,805,14-03-2024,4.12,127
195,339,24-12-2023,4.06,73
196,428,12-01-2024,1.31,178
197,4,13-09-2023,2.68,417
198,107,17-01-2024,2.19,154
199,922,26-07-2024,3.05,243
200,951,22-12-2023,3.88,72
201,910,20-08-2023,2.01,455
202,972,20-06-2024,4.89,253
203,191,14-12-2023,1.67,437
204,895,31-01-2024,1.16,167
205,632,19-07-2024,4.11,234
206,649,07-06-2024,2.1,386
207,358,21-09-2023,3.67,318
208,149,18-08-2023,3.5,379
209,790,10-02-2024,1.34,348
210,408,07-08-2023,4.45,41
211,378,06-12-2023,1.43,118
212,754,13-05-2024,4.04,6
213,879,21-12-2023,3.64,98
214,74,24-04-2024,3.1,192
215,653,14-04-2024,4,133
216,760,17-03-2024,4.64,204
217,130,11-10-2023,3.05,434
218,530,30-10-2023,2.26,57
219,732,10-11-2023,2.67,471
220,935,27-10-2023,4.12,184
221,307,14-12-2023,4.81,120
222,967,04-10-2023,3.12,382
223,642,21-09-2023,2.35,306
224,126,01-05-2024,3.22,198
225,513,22-03-2024,3.79,82
226,890,13-07-2024,3.41,37
227,679,13-12-2023,1.56,400
228,616,16-11-2023,3.09,392
229,621,02-10-2023,4.69,309
230,892,21-07-2024,1.11,116
231,486,15-04-2024,1.58,135
232,93,22-12-2023,4.58,301
233,111,10-07-2024,2.92,88
234,901,11-08-2023,1.06,160
235,884,17-12-2023,1.95,221
236,916,28-03-2024,4.71,51
237,409,31-03-2024,4.55,497
238,514,11-08-2023,2.14,448
239,480,19-06-2024,4.59,70
240,7,29-05-2024,3.43,42
241,922,22-02-2024,4.64,305
242,963,12-06-2024,1.59,347
243,812,23-11-2023,1.66,124
244,212,25-01-2024,4.42,244
245,507,10-12-2023,1.21,209
246,903,07-03-2024,4.58,346
247,373,25-07-2024,4.76,102
248,511,23-10-2023,3.32,364
249,704,16-01-2024,3.24,287
250,867,19-04-2024,4.27,426
251,924,08-11-2023,4.84,431
252,252,09-08-2023,1.43,254
253,48,27-03-2024,4.16,26
254,362,24-11-2023,1.26,376
255,90,27-05-2024,2.47,349
256,584,08-04-2024,3.45,454
257,983,12-11-2023,4.33,357
258,21,17-07-2024,3.58,72
259,354,30-10-2023,1.53,412
260,659,25-04-2024,4.71,65
261,596,09-01-2024,1.12,62
262,974,08-09-2023,3.56,299
263,193,16-11-2023,2.89,441
264,881,03-08-2023,1.05,353
265,510,17-05-2024,4.52,206
266,403,13-03-2024,4.96,264
267,954,13-07-2024,2.7,227
268,627,14-07-2024,3.03,320
269,186,16-02-2024,3.87,13
270,738,18-01-2024,1.95,190
271,655,24-11-2023,4.14,143
272,418,29-01-2024,1.45,64
273,457,19-08-2023,3.5,490
274,750,10-10-2023,2.04,231
275,625,29-09-2023,1.01,322
276,599,14-12-2023,4.18,67
277,153,25-06-2024,1.79,116
278,857,20-11-2023,4.1,90
279,340,01-09-2023,1.43,360
280,20,11-11-2023,3.08,170
281,875,04-04-2024,3.96,292
282,860,15-04-2024,3.25,299
283,565,28-11-2023,1.29,490
284,387,18-10-2023,4.34,312
285,614,21-04-2024,3.48,457
286,685,08-12-2023,4.3,499
287,437,18-09-2023,4.3,299
288,711,18-02-2024,2.02,18
289,618,29-11-2023,4.39,124
290,251,11-05-2024,4.12,314
291,737,19-07-2024,3.67,217
292,126,25-11-2023,1.35,285
293,230,30-05-2024,1.98,342
294,734,01-08-2024,2.06,349
295,186,24-08-2023,1.04,275
296,502,11-02-2024,2.27,313
297,344,04-11-2023,1.19,439
298,219,27-11-2023,3.73,422
299,73,28-12-2023,2.59,295
300,25,02-04-2024,2.37,420
301,215,30-04-2024,4.66,357
302,834,10-10-2023,2.79,217
303,711,18-04-2024,3.71,83
304,780,15-11-2023,2.66,275
305,324,25-07-2024,4.4,15
306,822,01-06-2024,1.99,354
307,498,25-01-2024,1.53,280
308,906,24-03-2024,3.73,244
309,528,21-09-2023,3.69,219
310,78,17-09-2023,2.39,489
311,20,20-10-2023,4.61,274
312,334,02-05-2024,3.97,488
313,315,26-04-2024,3.33,61
314,627,27-11-2023,2.26,126
315,164,09-06-2024,3.48,378
316,788,20-02-2024,3.59,252
317,592,22-12-2023,3.97,376
318,605,04-12-2023,2.42,143
319,823,05-01-2024,3.88,434
320,134,03-08-2023,3.31,112
321,247,14-01-2024,3.38,335
322,293,14-08-2023,3.07,323
323,405,16-04-2024,4.69,442
324,232,27-03-2024,3.37,204
325,667,24-05-2024,3.94,482
326,50,28-02-2024,1.49,328
327,423,11-01-2024,2.87,189
328,498,15-01-2024,3.31,406
329,195,11-03-2024,3.42,1
330,359,28-05-2024,1.91,290
331,894,10-08-2023,4.41,110
332,750,16-02-2024,3.08,204
333,116,08-06-2024,4.44,281
334,811,24-12-2023,1.24,494
335,644,27-05-2024,2.94,209
336,447,14-12-2023,2.98,133
337,771,16-12-2023,4.01,139
338,27,02-11-2023,3.33,425
339,33,05-08-2023,3.81,371
340,494,20-04-2024,2.35,374
341,142,09-02-2024,4.14,438
342,588,01-03-2024,1.09,154
343,716,10-02-2024,3.81,55
344,941,20-11-2023,1.94,345
345,560,22-05-2024,2.67,160
346,497,21-04-2024,1.54,201
347,437,11-01-2024,2.62,84
348,877,24-12-2023,3.69,385
349,346,19-09-2023,4.32,179
350,598,27-05-2024,3.06,491
351,87,05-09-2023,2.25,66
352,613,24-06-2024,3.53,407
353,478,14-07-2024,4.57,36
354,170,08-06-2024,4.88,351
355,925,17-11-2023,3.46,462
356,518,08-06-2024,3.56,221
357,653,11-08-2023,2.62,488
358,878,13-10-2023,2.14,356
359,299,30-06-2024,1.67,472
360,254,24-08-2023,4.38,115
361,354,01-02-2024,4.92,340
362,321,02-08-2023,1.29,389
363,382,09-02-2024,4.07,457
364,793,18-08-2023,1.88,298
365,512,01-08-2024,3.34,115
366,287,13-08-2023,4.12,260
367,130,24-02-2024,1.63,31
368,224,17-08-2023,3.55,55
369,523,27-03-2024,1.71,319
370,320,28-02-2024,2.43,148
371,751,05-02-2024,2.65,28
372,760,02-09-2023,2.12,133
373,464,03-12-2023,3.77,371
374,569,18-04-2024,1.31,206
375,905,18-02-2024,1.9,283
376,940,09-01-2024,4.69,275
377,835,20-09-2023,4.55,38
378,502,26-07-2024,2.21,362
379,869,08-06-2024,1.49,31
380,270,12-01-2024,2.17,79
381,354,07-11-2023,2.97,281
382,735,05-08-2023,3.14,2
383,767,31-07-2024,2.22,393
384,995,13-05-2024,3.35,205
385,809,12-04-2024,4.16,34
386,817,05-05-2024,3.58,8
387,972,19-12-2023,2.35,250
388,318,17-09-2023,1.82,128
389,304,27-12-2023,4.08,246
390,582,05-05-2024,4.16,374
391,568,25-11-2023,2.89,417
392,471,16-05-2024,3.08,402
393,366,03-05-2024,2.54,471
394,514,11-12-2023,2.15,76
395,579,02-09-2023,3.21,144
396,599,21-11-2023,1.92,466
397,790,03-11-2023,4.16,96
398,182,21-04-2024,3.89,365
399,348,14-09-2023,1.87,452
400,105,27-01-2024,1.15,87
401,320,28-12-2023,5,359
402,826,15-12-2023,3.69,349
403,465,15-01-2024,1.94,160
404,837,14-06-2024,4.12,295
405,365,24-05-2024,1.68,221
406,206,03-09-2023,2.65,468
407,161,26-08-2023,2.51,373
408,619,08-10-2023,4.29,173
409,156,17-05-2024,1.91,326
410,238,04-06-2024,2.63,310
411,693,13-08-2023,3.58,266
412,589,13-04-2024,1.56,38
413,39,01-04-2024,2.99,251
414,666,10-03-2024,3.29,42
415,781,19-12-2023,3.87,175
416,904,27-07-2024,1.39,410
417,179,02-11-2023,1.72,325
418,508,14-03-2024,4.17,42
419,83,13-09-2023,3.76,161
420,211,16-11-2023,3.54,94
421,774,08-10-2023,1.08,437
422,551,01-01-2024,2.48,311
423,70,08-06-2024,1.41,3
424,681,10-03-2024,2.05,142
425,965,20-03-2024,2.77,494
426,18,09-02-2024,5,122
427,753,09-06-2024,2.15,333
428,183,04-06-2024,2.98,86
429,630,01-09-2023,3.6,7
430,983,02-07-2024,2.61,469
431,232,01-03-2024,3.41,450
432,389,27-02-2024,4.59,33
433,884,03-09-2023,2.97,319
434,310,27-07-2024,2.41,294
435,125,02-05-2024,2.86,441
436,36,22-08-2023,1.83,430
437,693,24-05-2024,3.74,58
438,972,14-10-2023,2.73,308
439,268,20-09-2023,4.09,331
440,796,19-10-2023,2.66,364
441,131,09-03-2024,2.56,362
442,393,06-11-2023,4.56,359
443,923,15-11-2023,4.4,287
444,715,31-01-2024,3.64,140
445,523,30-11-2023,1.83,171
446,305,14-12-2023,2.16,249
447,858,15-10-2023,4.71,299
448,21,21-03-2024,2.51,343
449,853,11-09-2023,2.93,198
450,124,05-06-2024,2.48,466
451,52,24-01-2024,2.09,391
452,784,14-01-2024,2.51,234
453,516,03-09-2023,4.17,91
454,513,21-07-2024,4.19,239
455,375,21-10-2023,4.54,323
456,98,07-03-2024,1.24,495
457,591,20-08-2023,1.25,420
458,551,28-06-2024,2.42,186
459,893,14-08-2023,1.85,84
460,861,29-10-2023,1.58,121
461,736,13-01-2024,4.08,53
462,341,01-02-2024,2.01,290
463,211,04-12-2023,4.69,380
464,417,02-08-2023,3.85,387
465,494,09-10-2023,4.11,83
466,273,02-11-2023,3.71,146
467,929,20-11-2023,1.87,309
468,927,04-09-2023,2.85,478
469,411,15-06-2024,1.03,51
470,434,29-02-2024,3.59,375
471,582,13-07-2024,4.63,258
472,585,20-07-2024,4.63,145
473,929,05-04-2024,2.51,306
474,221,04-04-2024,1.04,151
475,819,21-04-2024,1.02,174
476,406,13-04-2024,3.58,286
477,436,24-11-2023,1.05,63
478,783,01-04-2024,3.53,62
479,220,01-05-2024,3.58,438
480,782,30-11-2023,3.64,371
481,783,25-04-2024,2,381
482,329,04-09-2023,1.46,101
483,278,28-10-2023,4.62,94
484,175,14-12-2023,2.44,350
485,909,20-03-2024,2.77,180
486,126,15-12-2023,1.07,411
487,809,13-01-2024,4.01,232
488,315,22-04-2024,2.08,69
489,645,04-10-2023,2.33,249
490,692,01-04-2024,3.11,79
491,63,08-07-2024,4.64,41
492,952,26-07-2024,2.1,186
493,782,17-11-2023,4.32,7
494,730,10-11-2023,4.84,494
495,491,09-10-2023,4.48,85
496,752,25-04-2024,3.23,23
497,22,04-04-2024,4.56,336
498,420,26-11-2023,3.17,230
499,345,20-06-2024,2.08,408
500,953,04-03-2024,3.61,208
501,835,13-10-2023,3.86,291
502,665,06-01-2024,3.13,7
503,715,05-07-2024,4.94,111
504,320,24-03-2024,4.98,123
505,396,17-06-2024,3.96,60
506,840,27-02-2024,2.24,337
507,424,16-10-2023,1.73,134
508,758,20-10-2023,4.85,11
509,981,13-10-2023,4.48,454
510,959,25-12-2023,3.99,443
511,124,07-08-2023,4.02,420
512,620,24-06-2024,1.97,161
513,528,13-07-2024,4.46,148
514,626,02-09-2023,2.99,420
515,622,24-08-2023,2.97,101
516,869,11-06-2024,1.73,235
517,172,25-09-2023,1.44,341
518,762,25-12-2023,2.38,14
519,934,23-06-2024,4.28,338
520,471,26-03-2024,1.07,69
521,548,09-12-2023,1.37,45
522,406,05-06-2024,1.39,206
523,22,07-01-2024,1.01,148
524,59,08-11-2023,2,191
525,318,20-04-2024,1.61,159
526,480,14-12-2023,1.4,219
527,355,22-09-2023,1.52,275
528,488,17-02-2024,1.24,206
529,563,26-12-2023,1.76,178
530,444,23-01-2024,3.25,371
531,423,09-04-2024,2.92,28
532,48,23-12-2023,4.47,200
533,412,30-08-2023,1.34,39
534,254,22-08-2023,4.88,298
535,863,09-02-2024,2.7,218
536,881,18-07-2024,1.42,481
537,295,14-02-2024,1.43,5
538,969,26-09-2023,3.61,47
539,755,21-01-2024,1.55,24
540,493,15-06-2024,1.28,23
541,306,06-08-2023,2.21,277
542,487,01-01-2024,2.27,142
543,939,01-10-2023,2.49,389
544,78,27-01-2024,2.69,90
545,690,26-08-2023,3.12,421
546,743,01-04-2024,4.44,275
547,35,17-03-2024,1.3,347
548,955,29-04-2024,3.1,491
549,593,04-06-2024,3.39,56
550,729,08-03-2024,3.22,132
551,915,18-08-2023,4.95,438
552,598,18-11-2023,1.1,451
553,777,12-04-2024,4.28,294
554,317,26-09-2023,3.6,165
555,63,23-04-2024,2.4,355
556,34,24-03-2024,3.5,50
557,908,15-10-2023,2.01,421
558,517,24-11-2023,3.71,357
559,915,07-02-2024,4.51,115
560,850,15-01-2024,1.15,56
561,259,06-08-2023,3.85,197
562,242,23-11-2023,2.78,234
563,417,09-10-2023,3.12,253
564,173,21-11-2023,4.35,21
565,255,27-12-2023,3.07,108
566,166,20-02-2024,1.22,386
567,536,01-11-2023,4.09,197
568,693,27-10-2023,1.98,287
569,573,08-10-2023,4.28,426
570,825,01-11-2023,2.15,196
571,901,25-09-2023,4.88,56
572,607,22-01-2024,2.93,81
573,945,04-04-2024,3.72,341
574,557,21-10-2023,4.91,422
575,614,14-03-2024,4.09,358
576,822,15-02-2024,4.93,415
577,119,28-05-2024,3.69,329
578,199,06-01-2024,1.14,218
579,967,02-05-2024,4.49,287
580,643,26-12-2023,2.09,390
581,336,07-07-2024,3.49,27
582,117,29-03-2024,4.44,5
583,615,07-12-2023,2.12,3
584,343,15-11-2023,4.66,174
585,215,29-11-2023,3.58,421
586,767,13-01-2024,3.19,472
587,316,16-09-2023,4.74,164
588,909,29-04-2024,3.82,198
589,249,18-09-2023,2.03,456
590,747,05-11-2023,2.61,445
591,665,05-11-2023,1.79,261
592,445,13-09-2023,2.22,468
593,607,13-08-2023,2.27,251
594,652,15-04-2024,3.48,260
595,937,31-01-2024,2.91,247
596,102,12-12-2023,4.26,297
597,513,21-12-2023,4.26,29
598,326,10-11-2023,3.46,289
599,46,19-06-2024,3.93,459
600,750,03-08-2023,3.28,434
601,281,23-02-2024,1.07,13
602,810,09-08-2023,3.49,204
603,101,31-05-2024,3.44,245
604,187,30-12-2023,2.45,313
605,474,18-01-2024,3.16,1
606,905,09-09-2023,2.41,113
607,310,14-09-2023,2.31,497
608,775,08-04-2024,4.58,157
609,26,13-06-2024,2.44,263
610,583,18-02-2024,3.48,306
611,456,03-05-2024,4.87,352
612,585,01-01-2024,1.98,472
613,366,23-12-2023,3.08,428
614,912,09-02-2024,1.27,248
615,83,02-09-2023,3.07,298
616,820,03-02-2024,1.15,331
617,920,14-03-2024,1.41,17
618,790,12-08-2023,1.67,410
619,599,09-05-2024,3.47,131
620,416,06-07-2024,2.09,165
621,771,18-04-2024,3.86,103
622,302,05-04-2024,3.26,77
623,209,05-11-2023,4.59,83
624,746,01-08-2024,3.62,78
625,577,17-12-2023,3.71,417
626,206,24-06-2024,2.89,222
627,844,07-04-2024,3.03,398
628,296,11-04-2024,3.52,441
629,209,17-06-2024,2.4,147
630,220,31-08-2023,2.65,467
631,425,28-05-2024,1.85,248
632,203,09-05-2024,4.96,271
633,939,07-06-2024,3.2,374
634,748,14-10-2023,1.12,436
635,728,06-09-2023,1.31,41
636,783,07-07-2024,2.34,439
637,816,24-10-2023,3.14,449
638,61,29-04-2024,2.08,277
639,703,08-03-2024,2.95,43
640,630,19-04-2024,1.22,479
641,343,28-08-2023,1.43,156
642,318,21-08-2023,3.02,139
643,262,01-05-2024,4.48,496
644,403,12-12-2023,3.03,494
645,866,04-09-2023,2.84,216
646,30,05-07-2024,2.97,52
647,383,17-04-2024,3.92,316
648,489,23-03-2024,4.27,334
649,865,13-04-2024,2.03,300
650,884,07-07-2024,3.3,351
651,189,11-11-2023,4.3,310
652,644,25-03-2024,4.51,206
653,915,07-10-2023,3.51,19
654,384,22-09-2023,4.9,311
655,160,16-05-2024,2.8,42
656,525,30-06-2024,3.01,206
657,766,26-10-2023,4.74,430
658,530,11-06-2024,1.09,380
659,909,04-02-2024,4.81,499
660,956,26-07-2024,3.43,365
661,375,30-10-2023,2.65,74
662,566,31-01-2024,1.83,444
663,687,31-07-2024,3.2,381
664,960,22-01-2024,1.57,255
665,90,17-10-2023,3.9,475
666,335,22-04-2024,3.6,472
667,311,29-03-2024,4.13,477
668,419,15-08-2023,4.64,321
669,779,30-07-2024,2.27,374
670,722,30-04-2024,3.2,34
671,825,25-10-2023,2.53,438
672,646,04-05-2024,3.71,344
673,824,15-06-2024,2.36,177
674,394,30-10-2023,3.88,169
675,520,03-12-2023,2.49,449
676,56,03-09-2023,1.06,150
677,397,28-10-2023,3.94,352
678,690,26-02-2024,3.21,446
679,539,18-11-2023,3.58,266
680,669,29-07-2024,3,195
681,487,26-06-2024,3.71,362
682,211,21-11-2023,3.94,161
683,657,15-05-2024,2.99,312
684,900,04-05-2024,4.05,485
685,224,24-07-2024,3.79,43
686,212,29-01-2024,1.47,183
687,391,18-04-2024,3.69,372
688,321,31-05-2024,3.88,8
689,66,18-10-2023,2.31,343
690,945,20-09-2023,4.14,335
691,544,07-06-2024,4.64,395
692,204,14-09-2023,2.68,424
693,672,16-09-2023,3.97,63
694,440,27-03-2024,1.31,130
695,965,06-08-2023,3.91,57
696,972,23-05-2024,1.36,250
697,225,02-12-2023,2.99,408
698,637,15-07-2024,4.64,306
699,169,14-05-2024,2.16,36
700,558,01-02-2024,3.48,346
701,12,19-07-2024,4.36,139
702,80,20-11-2023,3.06,366
703,318,23-07-2024,4.11,121
704,376,17-04-2024,4.38,363
705,331,12-02-2024,2.71,269
706,576,14-04-2024,1.65,336
707,863,10-09-2023,4.84,422
708,296,12-02-2024,4.14,431
709,704,13-08-2023,1.46,220
710,928,20-07-2024,1.69,35
711,135,11-04-2024,3.97,255
712,843,21-03-2024,4.37,133
713,928,12-09-2023,4.98,375
714,509,30-06-2024,4.94,301
715,159,22-12-2023,3.66,272
716,167,06-06-2024,2.43,360
717,385,03-11-2023,1.69,91
718,843,23-02-2024,4.04,336
719,402,17-07-2024,3.28,161
720,649,30-04-2024,2.48,438
721,777,17-04-2024,4.69,20
722,90,01-09-2023,2.46,491
723,189,09-06-2024,2.82,238
724,668,19-05-2024,1.12,70
725,686,02-07-2024,4.31,439
726,715,25-10-2023,1.87,252
727,456,27-11-2023,4.98,99
728,746,26-05-2024,1.23,78
729,857,04-05-2024,4.82,184
730,639,20-02-2024,1.03,176
731,726,01-10-2023,2.6,91
732,667,30-08-2023,2.93,225
733,84,25-02-2024,4.31,235
734,366,28-03-2024,3.23,51
735,848,24-08-2023,4.72,146
736,340,24-01-2024,3.1,4
737,454,22-05-2024,1.34,449
738,274,12-10-2023,3.6,479
739,517,05-05-2024,2.69,204
740,247,21-05-2024,3.81,246
741,799,02-07-2024,2.03,316
742,811,05-08-2023,3.96,5
743,510,29-07-2024,2.32,421
744,18,07-04-2024,4.74,242
745,687,19-07-2024,3.54,37
746,117,18-04-2024,1.69,273
747,449,20-01-2024,2.76,390
748,557,25-08-2023,2.09,332
749,55,18-07-2024,3.4,403
750,914,25-10-2023,1.68,278
751,366,12-02-2024,3.67,148
752,576,12-11-2023,4.34,7
753,1,15-04-2024,2.85,367
754,817,15-03-2024,2.78,44
755,493,16-09-2023,3.56,189
756,690,04-12-2023,3.05,414
757,186,26-05-2024,2.89,201
758,38,11-02-2024,1.52,169
759,416,04-06-2024,2.34,370
760,62,22-09-2023,3.24,51
761,84,01-04-2024,2.79,436
762,527,12-08-2023,3.56,395
763,14,31-01-2024,3.74,204
764,737,20-10-2023,4.81,0
765,301,20-05-2024,2.53,265
766,975,04-02-2024,1.36,492
767,425,19-03-2024,4.7,242
768,14,08-05-2024,3.78,202
769,534,20-10-2023,2.9,35
770,807,11-03-2024,4.39,332
771,454,28-07-2024,2.52,174
772,386,09-12-2023,2.75,273
773,733,22-10-2023,2.07,166
774,490,13-10-2023,2.52,30
775,287,13-04-2024,1.12,312
776,995,27-10-2023,4.36,34
777,560,18-12-2023,3.08,49
778,418,28-09-2023,1.05,21
779,520,18-05-2024,4.73,285
780,634,16-12-2023,1.84,28
781,807,09-02-2024,3.57,86
782,732,20-04-2024,3.51,359
783,516,26-01-2024,3.25,435
784,565,08-10-2023,2.76,441
785,217,09-12-2023,2.56,391
786,847,30-05-2024,1.83,329
787,761,08-01-2024,3.1,474
788,954,16-07-2024,1.53,309
789,167,01-02-2024,2.22,196
790,666,07-02-2024,1.78,70
791,263,26-01-2024,3.11,248
792,301,04-11-2023,2.27,500
793,611,24-02-2024,3.4,290
794,971,03-07-2024,4.1,185
795,951,01-12-2023,3.63,174
796,501,07-03-2024,2.75,185
797,777,27-08-2023,4.07,47
798,89,09-09-2023,3.38,498
799,382,16-08-2023,1.36,85
800,990,14-05-2024,2.55,417
801,62,29-08-2023,2.18,63
802,372,11-02-2024,4.48,364
803,789,24-11-2023,3.27,415
804,786,13-10-2023,3.17,477
805,973,11-12-2023,1.15,290
806,348,17-04-2024,1.32,293
807,385,28-07-2024,3.17,51
808,600,16-09-2023,2.55,220
809,155,20-01-2024,3.39,2
810,892,03-08-2023,4.58,239
811,706,29-12-2023,3.8,200
812,757,30-09-2023,1.39,30
813,609,01-07-2024,2.23,180
814,127,28-09-2023,2.2,350
815,810,06-04-2024,1.3,268
816,766,04-05-2024,2.95,179
817,972,24-06-2024,3.53,5
818,469,16-10-2023,2.18,441
819,284,26-02-2024,3.45,487
820,381,08-09-2023,1.85,330
821,786,19-07-2024,4.81,285
822,307,12-09-2023,4.41,336
823,363,28-08-2023,2.98,383
824,452,21-06-2024,1.7,288
825,574,02-02-2024,3.33,177
826,318,21-01-2024,3.24,374
827,102,04-09-2023,1.65,168
828,409,05-11-2023,1.4,393
829,967,15-09-2023,4.37,461
830,923,19-04-2024,3.49,272
831,584,23-11-2023,3.88,425
832,418,01-02-2024,4.24,176
833,323,08-08-2023,3.8,239
834,254,06-02-2024,2.87,328
835,895,05-08-2023,4.66,380
836,569,25-02-2024,1.76,323
837,336,31-01-2024,2.87,475
838,864,16-01-2024,4.66,248
839,91,28-11-2023,4.62,29
840,167,08-06-2024,1.07,101
841,71,24-08-2023,3.45,187
842,976,06-08-2023,1.45,364
843,955,22-12-2023,2.18,134
844,928,27-07-2024,4.2,95
845,714,06-06-2024,4.77,57
846,821,23-04-2024,1.04,402
847,28,31-03-2024,4.5,189
848,149,15-07-2024,2.41,365
849,398,12-04-2024,2.94,187
850,531,28-01-2024,2.27,365
851,255,23-02-2024,2.82,334
852,54,01-05-2024,2.95,212
853,255,07-07-2024,1.23,370
854,838,19-05-2024,3.8,198
855,571,24-12-2023,4.54,21
856,260,16-07-2024,3.38,411
857,684,25-03-2024,1.18,280
858,301,11-11-2023,3.31,272
859,735,08-01-2024,4.09,412
860,879,05-11-2023,3.17,371
861,815,03-01-2024,2.83,261
862,656,07-10-2023,3.66,160
863,648,10-08-2023,3.73,81
864,389,13-07-2024,4.75,448
865,473,20-03-2024,1.14,277
866,173,06-07-2024,1.2,346
867,435,13-08-2023,3.22,182
868,531,18-09-2023,1.89,431
869,218,10-09-2023,3.12,127
870,8,30-04-2024,4.58,223
871,528,07-06-2024,4.53,165
872,834,08-04-2024,2.75,434
873,12,11-05-2024,3.41,329
874,705,12-12-2023,2.7,287
875,926,11-12-2023,1.15,353
876,32,15-09-2023,4.91,89
877,919,14-05-2024,1.87,262
878,746,03-12-2023,3.76,156
879,996,16-12-2023,4.27,247
880,204,16-05-2024,1.83,474
881,272,03-11-2023,3.42,353
882,704,10-08-2023,1.42,338
883,718,17-01-2024,3.18,101
884,638,18-03-2024,3.26,299
885,281,15-10-2023,2.88,427
886,393,27-10-2023,1.03,123
887,969,20-07-2024,1.8,403
888,538,16-12-2023,2.78,345
889,943,03-06-2024,1.45,322
890,379,05-05-2024,3.84,393
891,152,17-01-2024,3.18,235
892,632,23-01-2024,4.06,409
893,460,17-12-2023,1.59,74
894,50,04-11-2023,3.04,440
895,786,26-12-2023,1.35,455
896,473,01-05-2024,3.33,385
897,348,24-06-2024,3.77,409
898,682,13-07-2024,1.07,71
899,289,01-02-2024,2.14,460
900,234,12-06-2024,1.63,340
901,347,29-07-2024,4.76,55
902,30,18-11-2023,3.82,70
903,478,09-01-2024,2.33,343
904,461,08-11-2023,1.8,90
905,932,07-07-2024,4.49,282
906,654,27-10-2023,3.53,369
907,167,15-09-2023,4.11,324
908,539,29-11-2023,1.08,18
909,503,03-05-2024,2.47,422
910,154,19-04-2024,1.7,224
911,393,26-05-2024,1.86,177
912,160,08-05-2024,1.4,241
913,188,07-01-2024,1.8,478
914,51,29-05-2024,2.48,480
915,167,07-04-2024,2.02,38
916,907,24-07-2024,3.94,209
917,27,06-03-2024,2.47,431
918,946,06-12-2023,3.41,465
919,989,09-12-2023,4.96,41
920,265,15-10-2023,1.94,379
921,511,11-03-2024,1.75,150
922,784,17-06-2024,1.11,147
923,628,21-10-2023,4.5,36
924,179,07-10-2023,3.99,6
925,754,04-01-2024,1.49,8
926,83,16-03-2024,1.23,486
927,302,28-12-2023,1.08,406
928,96,08-09-2023,1.77,481
929,364,03-08-2023,4,350
930,632,27-05-2024,1.63,254
931,143,13-05-2024,4.1,344
932,924,12-05-2024,1.58,285
933,792,01-03-2024,1.65,96
934,374,18-03-2024,1.8,20
935,721,30-08-2023,2.44,297
936,667,10-11-2023,2.19,295
937,470,12-03-2024,2.42,75
938,283,17-01-2024,4.51,407
939,519,20-10-2023,2.57,389
940,941,16-07-2024,4.88,436
941,188,21-05-2024,1.66,184
942,711,23-11-2023,2.9,231
943,936,24-11-2023,4.43,407
944,775,05-12-2023,4.89,46
945,509,20-09-2023,3.96,466
946,343,05-03-2024,3.25,138
947,985,11-06-2024,2.94,108
948,495,15-03-2024,4.46,445
949,31,05-02-2024,3.28,26
950,790,29-03-2024,2.76,370
951,633,27-12-2023,3.62,184
952,567,21-02-2024,1.49,187
953,461,03-06-2024,3.46,418
954,97,26-05-2024,3.1,238
955,838,18-11-2023,1.06,390
956,625,21-06-2024,2.14,214
957,230,16-09-2023,1.72,43
958,706,04-06-2024,2.53,113
959,500,08-09-2023,3.51,5
960,354,28-01-2024,4.29,463
961,388,29-05-2024,1.14,354
962,91,28-01-2024,1.01,61
963,729,02-06-2024,2.07,93
964,739,19-01-2024,1.42,492
965,11,13-01-2024,3.91,344
966,676,28-01-2024,4.52,181
967,811,16-03-2024,3.91,428
968,665,02-12-2023,1.58,434
969,986,27-06-2024,1.02,136
970,707,07-04-2024,3.46,18
971,756,05-12-2023,2.34,242
972,870,26-11-2023,2.69,98
973,48,10-05-2024,2.13,363
974,610,17-04-2024,1.44,446
975,613,28-07-2024,4.72,38
976,296,16-11-2023,2.96,327
977,540,22-06-2024,1.29,360
978,606,09-11-2023,1.19,318
979,182,19-04-2024,1.7,452
980,379,16-09-2023,3.65,115
981,498,10-03-2024,3.67,327
982,302,29-10-2023,1.7,204
983,471,22-03-2024,3.48,391
984,190,27-08-2023,2.41,263
985,524,14-10-2023,3.74,20
986,120,10-01-2024,2.7,266
987,814,05-04-2024,4.29,399
988,952,16-11-2023,3.9,17
989,114,14-10-2023,4.33,190
990,14,30-04-2024,4.5,105
991,87,18-12-2023,2.8,51
992,267,03-08-2023,1.33,328
993,927,02-04-2024,3.44,92
994,487,06-10-2023,1.36,247
995,20,24-09-2023,1.57,56
996,840,11-12-2023,4.68,478
997,341,23-11-2023,3.81,429
998,594,31-12-2023,3.99,219
999,3,24-01-2024,2.31,203
1000,205,23-10-2023,4.76,289
1001,778,02-08-2023,1.01,311
1002,365,21-01-2024,3.4,60
1003,189,20-02-2024,3.96,223
1004,187,28-08-2023,3.63,54
1005,320,06-11-2023,4.88,220
1006,757,02-03-2024,3.1,396
1007,260,11-09-2023,3.86,317
1008,5,24-06-2024,2.36,460
1009,970,02-04-2024,3.91,141
1010,958,22-12-2023,4.08,8
1011,337,13-01-2024,1.88,460
1012,572,13-09-2023,3.99,136
1013,838,27-09-2023,3.35,106
1014,377,06-03-2024,2.48,78
1015,73,20-04-2024,2.06,20
1016,834,26-05-2024,2.4,94
1017,13,10-02-2024,3.21,74
1018,76,27-07-2024,1.46,176
1019,808,21-10-2023,3.07,10
1020,242,15-07-2024,1.86,286
1021,449,24-07-2024,3.15,156
1022,709,24-08-2023,2.7,240
1023,532,08-07-2024,1.69,289
1024,507,25-06-2024,4.07,17
1025,275,26-10-2023,4.29,130
1026,140,26-10-2023,4.64,279
1027,331,28-09-2023,3.13,351
1028,590,08-02-2024,3.37,436
1029,29,03-11-2023,2.65,146
1030,542,01-07-2024,2.56,314
1031,27,03-06-2024,2.73,471
1032,168,16-09-2023,1.71,159
1033,611,24-05-2024,2.71,253
1034,859,23-01-2024,2.31,180
1035,464,30-11-2023,1.45,437
1036,48,27-10-2023,2.34,469
1037,533,20-10-2023,4.37,129
1038,238,17-12-2023,1.21,184
1039,613,26-04-2024,2.92,45
1040,299,19-05-2024,3.66,399
1041,778,26-04-2024,2.07,349
1042,984,31-03-2024,2.47,416
1043,156,03-03-2024,4.91,266
1044,930,02-10-2023,2.67,298
1045,548,05-06-2024,2.18,154
1046,834,15-02-2024,1.49,232
1047,345,29-05-2024,4.75,85
1048,329,26-05-2024,3.86,126
1049,74,06-12-2023,2.06,91
1050,502,03-10-2023,4.44,280
1051,440,16-05-2024,4.95,7
1052,59,12-08-2023,1.22,336
1053,761,13-03-2024,1.23,301
1054,920,30-08-2023,3.83,424
1055,693,11-04-2024,1.93,69
1056,871,16-05-2024,1.57,184
1057,241,04-06-2024,1.83,341
1058,849,26-10-2023,1.97,400
1059,246,26-05-2024,4.85,160
1060,980,27-10-2023,4.65,314
1061,638,13-04-2024,2.58,239
1062,467,27-08-2023,4.68,212
1063,199,21-06-2024,2.62,457
1064,665,24-05-2024,1.54,141
1065,46,03-02-2024,4.77,365
1066,521,23-03-2024,4.95,449
1067,562,19-04-2024,4.61,89
1068,990,09-12-2023,1.1,255
1069,157,16-09-2023,2.86,214
1070,181,21-03-2024,2.86,474
1071,707,15-02-2024,2.61,27
1072,914,12-04-2024,3.8,271
1073,148,03-10-2023,2.94,421
1074,855,28-05-2024,4.01,5
1075,186,18-03-2024,4.68,22
1076,214,22-02-2024,3.15,88
1077,109,08-02-2024,2.14,392
1078,546,06-06-2024,3.54,377
1079,675,18-08-2023,2.62,138
1080,911,03-07-2024,3.7,26
1081,299,02-02-2024,3.54,13
1082,955,18-10-2023,3.31,263
1083,457,08-11-2023,3.63,191
1084,376,26-10-2023,4.94,283
1085,935,16-02-2024,1.59,378
1086,208,29-12-2023,1.03,211
1087,915,23-01-2024,3.1,457
1088,767,21-11-2023,4.38,129
1089,192,26-06-2024,1.5,475
1090,173,24-08-2023,4.47,366
1091,385,05-02-2024,2.09,161
1092,861,28-04-2024,3.58,396
1093,501,08-10-2023,1.42,425
1094,692,13-01-2024,3.52,264
1095,257,26-05-2024,1.09,117
1096,554,19-09-2023,3.35,65
1097,823,14-06-2024,2.81,149
1098,105,29-09-2023,3.46,358
1099,347,24-08-2023,3.71,332
1100,908,17-01-2024,2.41,262
1101,589,01-08-2024,2.54,29
1102,254,17-11-2023,4.95,449
1103,207,17-09-2023,3.52,83
1104,608,10-09-2023,1.67,113
1105,293,20-01-2024,4.24,145
1106,554,01-08-2024,4.78,334
1107,233,12-01-2024,3.83,70
1108,964,11-11-2023,1.06,321
1109,913,14-01-2024,2.66,224
1110,397,01-04-2024,3.34,470
1111,383,25-08-2023,3.81,435
1112,174,13-11-2023,4.25,152
1113,699,02-09-2023,3.3,447
1114,632,01-01-2024,1.11,388
1115,741,26-07-2024,4.65,286
1116,829,09-12-2023,3.29,101
1117,86,08-06-2024,1.07,91
1118,869,04-06-2024,3.89,378
1119,862,25-03-2024,4.42,50
1120,92,21-05-2024,3.8,132
1121,501,04-05-2024,1.62,18
1122,134,25-09-2023,2.9,320
1123,618,05-09-2023,3.64,76
1124,224,22-12-2023,3.54,19
1125,403,11-03-2024,4.8,302
1126,73,14-10-2023,4.96,108
1127,614,28-08-2023,3.41,51
1128,365,23-08-2023,3.14,142
1129,569,07-07-2024,3.83,0
1130,849,10-04-2024,2,498
1131,368,29-04-2024,4.5,135
1132,166,16-01-2024,1.26,449
1133,598,18-08-2023,2.71,19
1134,994,03-09-2023,1.89,213
1135,324,31-08-2023,1.12,118
1136,578,12-07-2024,2.81,44
1137,971,26-08-2023,1.75,355
1138,427,03-12-2023,2.22,410
1139,703,31-08-2023,4.12,124
1140,711,19-08-2023,1.14,133
1141,843,07-02-2024,2.7,490
1142,25,29-05-2024,2.83,115
1143,877,24-10-2023,1.13,381
1144,370,06-10-2023,3.77,309
1145,418,25-06-2024,3.08,418
1146,160,11-07-2024,3.3,309
1147,196,28-03-2024,1.62,333
1148,885,22-04-2024,4.96,401
1149,437,11-06-2024,4.08,175
1150,250,21-07-2024,3.3,326
1151,728,16-09-2023,4.85,118
1152,45,15-04-2024,1.33,77
1153,708,25-05-2024,4.13,326
1154,244,08-10-2023,1.82,129
1155,336,19-11-2023,2.6,36
1156,892,20-04-2024,2.93,224
1157,585,25-04-2024,1.6,199
1158,715,11-09-2023,4.99,397
1159,957,16-04-2024,4.65,408
1160,854,25-03-2024,4.95,466
1161,699,21-10-2023,1.54,474
1162,910,12-12-2023,2.51,272
1163,554,20-08-2023,3.32,354
1164,439,06-12-2023,4.21,168
1165,162,08-07-2024,3.39,21
1166,856,07-09-2023,1.68,360
1167,755,28-02-2024,3.74,53
1168,108,19-01-2024,4.2,79
1169,7,02-08-2023,1.6,496
1170,773,10-11-2023,3.52,212
1171,753,08-12-2023,2.59,428
1172,816,11-05-2024,1.93,202
1173,513,27-01-2024,3.52,256
1174,168,03-02-2024,1.05,19
1175,753,15-12-2023,4.48,451
1176,292,26-06-2024,2.91,69
1177,127,05-08-2023,4.29,477
1178,239,11-10-2023,1.83,152
1179,457,21-07-2024,2.2,250
1180,255,21-11-2023,1.41,304
1181,13,31-01-2024,1.08,305
1182,350,07-10-2023,2.33,114
1183,440,05-03-2024,3.6,141
1184,791,29-05-2024,2.16,25
1185,285,19-12-2023,2.19,29
1186,119,13-07-2024,3.81,290
1187,291,28-04-2024,3.74,391
1188,837,25-03-2024,1.96,198
1189,165,19-09-2023,4.52,115
1190,238,18-01-2024,3.65,258
1191,487,10-04-2024,2.71,311
1192,946,30-09-2023,1.65,370
1193,666,12-12-2023,3.01,359
1194,75,16-05-2024,3.98,106
1195,318,07-03-2024,4.66,388
1196,424,20-03-2024,3.22,70
1197,346,23-03-2024,2.91,391
1198,775,10-05-2024,3.54,130
1199,186,05-07-2024,2.91,472
1200,637,16-03-2024,2.43,325
1201,85,07-10-2023,2.78,99
1202,855,23-08-2023,4.19,482
1203,799,23-11-2023,4.85,99
1204,768,12-05-2024,3.02,471
1205,168,07-09-2023,1.91,296
1206,290,22-05-2024,4.54,247
1207,701,11-07-2024,3.21,453
1208,961,30-12-2023,4.17,252
1209,510,21-12-2023,2.93,123
1210,888,27-06-2024,4.81,356
1211,585,01-09-2023,2.22,355
1212,118,08-04-2024,1.57,309
1213,569,04-04-2024,1.26,315
1214,392,20-05-2024,1.89,174
1215,325,13-09-2023,3.29,319
1216,567,24-09-2023,3.08,282
1217,851,19-08-2023,3.64,145
1218,283,25-07-2024,1.41,322
1219,547,06-01-2024,2.32,77
1220,433,02-02-2024,2,255
1221,560,13-10-2023,4.95,30
1222,930,13-03-2024,2.16,11
1223,899,25-01-2024,4.55,102
1224,604,27-06-2024,4.01,257
1225,474,21-08-2023,3.31,296
1226,426,21-04-2024,4.39,487
1227,783,28-12-2023,2.28,128
1228,465,12-09-2023,4.45,500
1229,682,17-12-2023,2.89,148
1230,681,28-12-2023,3.51,90
1231,276,23-02-2024,1.82,54
1232,519,01-04-2024,1.96,416
1233,761,17-09-2023,3.46,432
1234,289,15-11-2023,4.36,138
1235,558,21-03-2024,4.02,219
1236,660,21-07-2024,1.93,417
1237,198,13-04-2024,4.19,179
1238,444,05-05-2024,4.12,81
1239,902,31-08-2023,1.51,169
1240,147,31-08-2023,4.03,408
1241,128,02-02-2024,3.88,43
1242,507,01-06-2024,1.58,465
1243,292,30-04-2024,4.91,233
1244,618,23-03-2024,4.67,416
1245,816,26-12-2023,1.73,312
1246,473,26-04-2024,3.09,399
1247,30,20-06-2024,3.13,49
1248,941,04-05-2024,2.61,462
1249,155,22-10-2023,4.16,499
1250,350,13-11-2023,4.26,458
1251,152,01-10-2023,2.66,487
1252,25,16-05-2024,1.14,358
1253,384,05-10-2023,2.41,219
1254,834,21-08-2023,1.3,424
1255,908,14-05-2024,4.22,242
1256,763,18-10-2023,4.93,167
1257,895,14-10-2023,1.83,34
1258,641,29-03-2024,4.98,490
1259,833,20-04-2024,4.12,384
1260,71,04-06-2024,1.52,162
1261,124,19-09-2023,1.35,478
1262,243,14-05-2024,1.49,460
1263,960,24-12-2023,2.7,468
1264,864,28-06-2024,4.07,143
1265,707,24-08-2023,1.1,487
1266,419,10-04-2024,3.2,303
1267,436,28-07-2024,2.91,427
1268,130,27-04-2024,3.66,91
1269,578,12-07-2024,2.28,131
1270,226,09-07-2024,4.28,424
1271,760,05-06-2024,1.26,230
1272,653,16-08-2023,3.28,330
1273,466,13-12-2023,1.59,6
1274,646,21-12-2023,3.49,98
1275,497,29-02-2024,3.79,318
1276,493,15-11-2023,1.4,101
1277,196,15-08-2023,2.81,230
1278,144,12-03-2024,2.49,222
1279,172,07-12-2023,2.22,389
1280,423,12-01-2024,4.37,355
1281,503,20-12-2023,4.74,22
1282,275,01-06-2024,4.07,376
1283,589,04-04-2024,4.78,309
1284,873,24-08-2023,3.19,238
1285,921,06-03-2024,3.98,274
1286,200,07-01-2024,3.04,120
1287,899,10-04-2024,2.39,484
1288,486,25-11-2023,1.71,103
1289,166,05-02-2024,1.95,280
1290,475,28-06-2024,2.05,488
1291,425,08-03-2024,2.12,56
1292,995,24-11-2023,4.27,22
1293,104,20-01-2024,1.55,459
1294,384,12-11-2023,3.6,217
1295,901,01-11-2023,2.55,485
1296,994,07-03-2024,3.02,241
1297,90,11-08-2023,1.26,173
1298,53,08-06-2024,1.02,74
1299,586,23-09-2023,3.37,59
1300,27,28-02-2024,3.67,125
1301,384,28-01-2024,1.63,405
1302,635,12-10-2023,1.12,152
1303,4,09-10-2023,2.08,180
1304,285,05-04-2024,4.71,413
1305,365,18-05-2024,4.59,380
1306,827,28-08-2023,2.57,245
1307,190,03-04-2024,1.31,14
1308,980,05-11-2023,4.2,316
1309,707,20-08-2023,4.25,159
1310,782,06-02-2024,3.32,320
1311,402,17-10-2023,2.15,207
1312,10,29-11-2023,4.75,103
1313,305,26-01-2024,4.51,406
1314,159,07-07-2024,2.82,277
1315,633,16-09-2023,2.29,317
1316,124,27-12-2023,3.6,356
1317,482,07-08-2023,2.85,494
1318,200,26-09-2023,4.88,450
1319,840,04-07-2024,3.05,103
1320,920,23-07-2024,2.86,360
1321,344,10-02-2024,1.65,38
1322,362,10-12-2023,1.95,399
1323,748,26-03-2024,4.12,218
1324,758,06-12-2023,3.08,365
1325,539,19-12-2023,4.43,243
1326,880,01-03-2024,1.5,32
1327,6,13-03-2024,3.49,357
1328,74,03-12-2023,3.55,327
1329,80,20-02-2024,4.49,271
1330,481,04-01-2024,2.09,159
1331,443,14-05-2024,1.08,450
1332,827,17-10-2023,3.15,47
1333,899,18-11-2023,2.47,371
1334,842,07-10-2023,3.39,185
1335,277,16-06-2024,1.83,462
1336,453,26-01-2024,2.25,36
1337,819,13-10-2023,4.83,269
1338,353,06-01-2024,2.75,28
1339,117,13-09-2023,3.29,224
1340,429,18-06-2024,4.61,138
1341,294,13-05-2024,1.87,423
1342,415,07-01-2024,3.05,86
1343,110,09-07-2024,3.65,219
1344,890,11-01-2024,1.01,423
1345,886,30-07-2024,4.3,332
1346,779,20-05-2024,4.77,457
1347,277,23-05-2024,4.91,231
1348,329,29-10-2023,1.02,264
1349,700,18-07-2024,1.09,144
1350,641,07-04-2024,1.7,2
1351,718,14-07-2024,3.02,421
1352,1000,03-10-2023,3.51,317
1353,469,30-09-2023,2.41,185
1354,451,16-08-2023,3.97,296
1355,332,30-11-2023,4.68,188
1356,119,20-04-2024,4.87,195
1357,295,04-08-2023,4.05,12
1358,163,21-07-2024,2.13,500
1359,200,27-08-2023,2.15,491
1360,778,16-04-2024,1.67,385
1361,578,10-07-2024,4.4,311
1362,79,06-03-2024,4.28,253
1363,654,18-10-2023,1.91,252
1364,45,23-11-2023,2.07,277
1365,121,21-03-2024,3.13,276
1366,457,30-08-2023,2.61,36
1367,367,18-11-2023,3.46,364
1368,799,31-08-2023,1.59,245
1369,462,09-01-2024,2.3,197
1370,380,11-04-2024,2.64,298
1371,271,16-08-2023,4.1,259
1372,588,20-12-2023,1.71,161
1373,811,22-09-2023,4.18,454
1374,803,11-07-2024,2.64,252
1375,346,04-01-2024,4.55,95
1376,486,22-07-2024,1.4,347
1377,991,02-09-2023,3.51,81
1378,196,24-09-2023,1.49,170
1379,540,25-06-2024,4.56,78
1380,318,16-05-2024,2.18,235
1381,461,24-11-2023,4.56,157
1382,59,25-05-2024,4.87,359
1383,716,02-10-2023,4.55,152
1384,30,10-01-2024,1.69,457
1385,190,06-04-2024,3.03,243
1386,684,10-05-2024,4.92,124
1387,402,21-11-2023,4,150
1388,763,12-03-2024,1.11,168
1389,523,13-04-2024,1.07,412
1390,769,04-03-2024,3.19,68
1391,338,01-09-2023,4.85,185
1392,794,08-08-2023,2.24,175
1393,480,04-02-2024,3.71,256
1394,71,19-01-2024,3.25,50
1395,800,17-09-2023,4.07,178
1396,631,27-02-2024,2.44,398
1397,348,16-09-2023,2.46,159
1398,457,05-05-2024,4.7,403
1399,162,19-10-2023,3.05,246
1400,632,16-10-2023,3.86,367
1401,446,21-06-2024,1.34,163
1402,130,22-04-2024,2.14,80
1403,770,08-09-2023,3.7,63
1404,523,24-12-2023,3.2,297
1405,137,11-08-2023,3.2,268
1406,28,06-09-2023,3.25,314
1407,173,15-05-2024,3.94,53
1408,268,28-09-2023,4.92,460
1409,155,25-05-2024,3.2,269
1410,466,16-04-2024,1.34,180
1411,85,21-06-2024,4.12,181
1412,574,20-05-2024,1.52,164
1413,684,23-09-2023,5,458
1414,736,20-11-2023,3.31,454
1415,20,28-05-2024,2.64,384
1416,66,09-04-2024,1.22,127
1417,468,20-05-2024,4.47,318
1418,563,17-12-2023,1.13,306
1419,926,28-11-2023,4.79,69
1420,456,02-07-2024,4.57,466
1421,743,23-04-2024,4.38,180
1422,495,27-10-2023,2.19,432
1423,1,22-10-2023,1.67,345
1424,209,08-06-2024,4.49,499
1425,670,07-07-2024,2.32,213
1426,682,16-04-2024,2.79,185
1427,81,01-06-2024,2.45,167
1428,468,02-02-2024,2.75,294
1429,430,09-05-2024,3.45,125
1430,225,17-02-2024,4.1,200
1431,503,30-06-2024,3.73,300
1432,932,01-10-2023,4.77,3
1433,34,24-11-2023,4.36,457
1434,582,12-09-2023,1.63,148
1435,147,19-06-2024,2.8,157
1436,68,10-09-2023,4.05,180
1437,917,31-07-2024,2.63,254
1438,459,22-11-2023,2.83,104
1439,233,20-12-2023,1.34,254
1440,244,11-10-2023,4.53,276
1441,700,17-04-2024,3.16,272
1442,814,24-12-2023,1.28,347
1443,135,29-09-2023,3.82,288
1444,991,21-07-2024,3.03,128
1445,324,09-08-2023,2.05,340
1446,633,02-07-2024,4.66,353
1447,363,13-05-2024,1.19,2
1448,678,31-03-2024,1.57,209
1449,893,19-07-2024,2.29,110
1450,213,16-01-2024,4.2,219
1451,917,01-02-2024,2.34,482
1452,544,08-01-2024,2.38,254
1453,113,22-12-2023,2.34,394
1454,18,16-04-2024,2.03,285
1455,193,05-06-2024,3.21,231
1456,58,30-07-2024,3.01,433
1457,1000,04-04-2024,3.1,323
1458,987,29-04-2024,4.17,311
1459,859,19-03-2024,2.68,495
1460,86,04-07-2024,3.84,448
1461,243,22-01-2024,2.64,190
1462,190,22-08-2023,4.51,201
1463,543,16-08-2023,1.19,229
1464,840,13-01-2024,4.98,279
1465,246,30-11-2023,3.04,47
1466,72,27-07-2024,2.74,280
1467,220,06-05-2024,2.67,399
1468,583,02-05-2024,1.49,317
1469,176,04-11-2023,4.57,249
1470,70,14-02-2024,4.47,336
1471,916,19-12-2023,2.05,0
1472,536,13-04-2024,3.71,193
1473,505,27-05-2024,1.32,202
1474,397,27-10-2023,2.39,131
1475,891,17-06-2024,2.3,30
1476,488,04-12-2023,4.42,246
1477,363,29-05-2024,3.05,325
1478,763,15-03-2024,3.6,137
1479,498,08-12-2023,4.93,450
1480,489,09-06-2024,3.92,92
1481,500,18-06-2024,3.06,435
1482,305,21-12-2023,5,399
1483,418,20-10-2023,2.58,19
1484,847,18-12-2023,4.61,332
1485,771,15-02-2024,1.58,450
1486,376,17-03-2024,4.42,444
1487,364,28-04-2024,3.11,132
1488,744,19-03-2024,3.17,204
1489,291,03-09-2023,1.36,211
1490,366,09-03-2024,4.41,104
1491,253,30-08-2023,4.48,74
1492,385,12-10-2023,2.34,416
1493,316,28-08-2023,4.35,288
1494,168,05-02-2024,1.89,175
1495,490,15-02-2024,3.94,224
1496,439,26-03-2024,2.17,488
1497,135,14-05-2024,4.01,336
1498,746,21-02-2024,1.92,475
1499,975,28-08-2023,1.54,453
1500,164,24-06-2024,2.6,273
1501,494,30-12-2023,4.43,163
1502,987,16-07-2024,2.48,14
1503,154,25-03-2024,4.15,75
1504,796,24-06-2024,3.23,205
1505,289,23-08-2023,4.32,45
1506,555,28-12-2023,3.88,142
1507,858,22-08-2023,1.48,262
1508,668,07-07-2024,3.61,113
1509,150,15-03-2024,4.56,24
1510,835,04-10-2023,1.57,330
1511,596,11-08-2023,3.09,315
1512,786,11-09-2023,2.55,433
1513,854,06-09-2023,4.97,426
1514,498,29-01-2024,3.44,4
1515,168,17-12-2023,1.84,25
1516,88,08-06-2024,2.5,381
1517,573,22-02-2024,2.81,243
1518,938,20-06-2024,4.69,48
1519,32,01-08-2024,3.24,387
1520,222,18-08-2023,4.16,155
1521,910,18-01-2024,2.93,451
1522,969,26-12-2023,4.67,401
1523,11,28-10-2023,2.29,178
1524,938,14-10-2023,4.46,352
1525,134,28-01-2024,4.51,15
1526,80,01-11-2023,1.05,34
1527,378,04-02-2024,2.31,390
1528,11,25-05-2024,3.96,314
1529,423,14-03-2024,2.07,91
1530,149,10-09-2023,3.03,210
1531,43,22-05-2024,3.13,368
1532,238,12-06-2024,1.63,5
1533,667,13-03-2024,4.65,139
1534,15,28-02-2024,3.45,207
1535,632,18-03-2024,3.02,217
1536,795,29-12-2023,1.17,484
1537,876,15-07-2024,3.25,225
1538,785,08-07-2024,4.84,274
1539,64,10-04-2024,4.68,152
1540,286,05-12-2023,1.85,129
1541,432,10-08-2023,3.3,52
1542,871,02-06-2024,4.85,393
1543,356,27-10-2023,4.94,156
1544,842,27-09-2023,4.26,333
1545,223,24-08-2023,1.35,336
1546,795,29-07-2024,3.71,126
1547,650,01-11-2023,2.56,133
1548,217,06-01-2024,1.41,358
1549,333,05-11-2023,1.52,466
1550,558,11-06-2024,4.01,438
1551,333,24-08-2023,2.81,140
1552,281,30-07-2024,3.26,97
1553,63,18-05-2024,2.35,182
1554,629,23-05-2024,1.36,194
1555,653,26-11-2023,1.78,483
1556,25,15-10-2023,3.45,409
1557,106,13-05-2024,3.93,167
1558,692,30-03-2024,2.14,244
1559,654,02-12-2023,4.41,327
1560,228,25-08-2023,1.01,229
1561,843,13-05-2024,3.76,407
1562,178,06-01-2024,1.23,473
1563,137,07-09-2023,1.61,99
1564,770,28-09-2023,1.76,136
1565,509,18-04-2024,1.05,460
1566,418,15-02-2024,3.02,412
1567,369,03-10-2023,3.73,186
1568,442,26-09-2023,3.92,285
1569,382,20-05-2024,1.08,156
1570,771,06-02-2024,1.05,241
1571,37,10-09-2023,3.53,220
1572,15,17-01-2024,3.55,372
1573,317,17-04-2024,1.67,330
1574,434,04-08-2023,1.72,335
1575,628,17-02-2024,1.53,206
1576,138,06-03-2024,4.65,422
1577,148,09-09-2023,4.35,249
1578,382,17-10-2023,1.4,162
1579,61,18-12-2023,1.43,19
1580,953,12-01-2024,3.12,173
1581,559,21-04-2024,3.98,90
1582,274,04-01-2024,4.51,491
1583,874,06-10-2023,4.12,101
1584,692,16-11-2023,4.63,272
1585,88,16-04-2024,1.85,330
1586,896,01-02-2024,2.62,284
1587,737,08-02-2024,4.01,254
1588,16,13-09-2023,2.54,292
1589,944,30-07-2024,1.57,116
1590,331,12-04-2024,2.18,79
1591,823,17-04-2024,3.32,395
1592,8,08-08-2023,1.9,431
1593,740,19-07-2024,3.42,413
1594,482,14-12-2023,2.05,343
1595,743,25-02-2024,2.75,229
1596,408,20-11-2023,4,327
1597,648,20-04-2024,1.67,285
1598,504,03-04-2024,2.5,275
1599,435,21-07-2024,2.18,425
1600,661,07-02-2024,2.52,487
1601,659,04-01-2024,4.77,134
1602,29,26-11-2023,4.9,355
1603,239,14-10-2023,2.95,157
1604,645,24-09-2023,2.52,220
1605,295,17-04-2024,4.68,207
1606,13,14-08-2023,2.27,282
1607,738,31-08-2023,2.8,219
1608,321,20-06-2024,2.91,485
1609,488,10-06-2024,4.55,417
1610,352,21-02-2024,1.45,127
1611,584,29-08-2023,1.85,90
1612,182,21-07-2024,1.06,485
1613,793,19-06-2024,4.91,173
1614,896,06-12-2023,2.01,141
1615,378,07-06-2024,2.4,83
1616,10,31-08-2023,2.64,435
1617,697,24-09-2023,4.23,206
1618,700,19-10-2023,1.43,424
1619,509,08-05-2024,2.55,426
1620,255,07-01-2024,4.52,395
1621,665,09-12-2023,4,216
1622,696,09-10-2023,2.41,159
1623,471,15-03-2024,4.5,393
1624,277,29-02-2024,1.61,238
1625,60,19-06-2024,2.72,6
1626,168,11-08-2023,3.18,77
1627,899,29-02-2024,3.59,162
1628,727,10-05-2024,4.94,178
1629,419,29-02-2024,1.77,13
1630,389,22-07-2024,3.52,307
1631,975,01-04-2024,2.29,84
1632,696,24-08-2023,2.28,373
1633,173,09-12-2023,2.91,150
1634,431,12-02-2024,4.19,62
1635,471,30-05-2024,4.83,133
1636,225,14-12-2023,4.39,297
1637,37,20-10-2023,4.45,112
1638,15,04-09-2023,4.05,24
1639,241,09-08-2023,3.32,444
1640,255,17-06-2024,4.25,385
1641,561,09-11-2023,1.98,365
1642,470,05-06-2024,3.32,157
1643,91,02-03-2024,3.85,38
1644,190,10-01-2024,2.4,16
1645,155,05-11-2023,1.24,117
1646,571,20-02-2024,2.21,253
1647,375,26-04-2024,3.12,28
1648,962,13-09-2023,2,349
1649,693,16-02-2024,3.2,429
1650,843,29-12-2023,3.53,401
1651,848,23-03-2024,3.64,74
1652,421,19-07-2024,3.35,197
1653,59,13-10-2023,1.76,296
1654,794,12-09-2023,3.66,193
1655,858,24-02-2024,4.46,186
1656,99,21-03-2024,4.49,469
1657,934,10-03-2024,2.71,245
1658,974,26-05-2024,4.78,10
1659,65,29-02-2024,2.07,111
1660,643,18-09-2023,2.2,192
1661,865,21-01-2024,4.92,198
1662,389,26-11-2023,3.95,147
1663,569,30-01-2024,2.94,69
1664,440,29-11-2023,1.32,103
1665,398,18-09-2023,1.04,66
1666,759,13-05-2024,3.96,297
1667,836,22-01-2024,3.17,70
1668,489,31-01-2024,2.5,81
1669,641,05-05-2024,3.25,339
1670,774,12-09-2023,4.41,273
1671,363,12-11-2023,2.13,152
1672,801,15-10-2023,1.35,485
1673,417,21-09-2023,3.11,298
1674,692,20-03-2024,2.01,5
1675,570,22-07-2024,1.93,427
1676,160,05-09-2023,2.68,480
1677,237,23-02-2024,4.54,1
1678,233,05-01-2024,3.36,326
1679,399,07-05-2024,3.41,387
1680,925,27-11-2023,1.87,160
1681,699,11-07-2024,4.6,26
1682,438,02-05-2024,1.2,348
1683,456,02-12-2023,3.93,355
1684,532,06-10-2023,4.04,473
1685,179,17-12-2023,1.28,224
1686,623,15-06-2024,4.45,451
1687,655,26-11-2023,2.3,28
1688,271,15-09-2023,4.11,186
1689,914,07-03-2024,1.13,108
1690,160,21-08-2023,1.71,424
1691,972,13-08-2023,3.4,278
1692,420,07-05-2024,1.48,327
1693,888,27-08-2023,4.86,139
1694,291,10-11-2023,3.59,366
1695,143,08-02-2024,3.87,193
1696,498,12-06-2024,2.63,130
1697,896,06-11-2023,3.48,220
1698,929,25-04-2024,4.68,166
1699,148,17-07-2024,1.64,294
1700,460,16-01-2024,3.48,17
1701,99,07-09-2023,1.36,458
1702,32,17-12-2023,1.18,372
1703,211,06-11-2023,3.88,105
1704,277,24-11-2023,4.37,332
1705,402,15-12-2023,4.21,353
1706,3,27-08-2023,3.11,131
1707,512,30-07-2024,2.88,385
1708,971,14-02-2024,2.92,293
1709,717,30-08-2023,3.36,141
1710,271,16-05-2024,2.85,11
1711,153,15-06-2024,4.7,25
1712,924,15-01-2024,1.25,226
1713,932,02-02-2024,4.1,156
1714,319,05-12-2023,2.5,380
1715,559,13-07-2024,1.98,211
1716,379,06-02-2024,1.49,349
1717,397,11-09-2023,3.28,486
1718,615,26-02-2024,4.57,215
1719,19,12-05-2024,2.43,425
1720,328,26-05-2024,2.34,380
1721,437,30-10-2023,3.93,93
1722,843,06-10-2023,3.97,53
1723,441,23-06-2024,1.33,260
1724,794,10-07-2024,3.66,345
1725,105,10-11-2023,4.05,426
1726,711,19-05-2024,4.73,373
1727,660,26-07-2024,4.31,324
1728,260,09-12-2023,3.37,117
1729,949,23-12-2023,1.03,211
1730,536,13-03-2024,2.51,123
1731,912,17-09-2023,2.35,92
1732,227,13-04-2024,4.35,182
1733,926,16-07-2024,1.98,312
1734,791,03-11-2023,2.47,209
1735,24,04-01-2024,4.61,425
1736,383,15-04-2024,1.61,318
1737,722,26-01-2024,3.94,254
1738,575,03-04-2024,1.06,11
1739,957,10-12-2023,3.72,271
1740,633,31-10-2023,4.71,426
1741,974,19-11-2023,2.51,221
1742,410,29-02-2024,2.11,427
1743,334,31-07-2024,3.45,208
1744,57,05-07-2024,4.19,290
1745,973,28-02-2024,3.12,211
1746,390,14-02-2024,4.37,225
1747,147,31-03-2024,1.41,424
1748,873,11-09-2023,3.45,147
1749,67,17-10-2023,3.93,3
1750,644,18-06-2024,3.54,278
1751,297,30-12-2023,3.68,242
1752,16,28-09-2023,4.73,238
1753,997,27-09-2023,1.52,328
1754,935,06-02-2024,1.62,105
1755,743,25-01-2024,1.16,433
1756,263,22-12-2023,1.16,266
1757,372,28-07-2024,3.47,92
1758,260,26-05-2024,4.03,190
1759,63,27-06-2024,4.98,313
1760,373,22-01-2024,2.97,103
1761,198,22-09-2023,1.94,193
1762,89,12-06-2024,3.77,144
1763,60,06-03-2024,2.06,115
1764,391,04-06-2024,3.33,162
1765,221,23-12-2023,2.25,284
1766,624,17-10-2023,3.08,404
1767,908,15-03-2024,4.93,376
1768,763,15-10-2023,1.14,250
1769,442,23-11-2023,1.3,389
1770,30,15-12-2023,2.52,437
1771,829,23-07-2024,3.67,228
1772,371,11-07-2024,4.87,251
1773,756,07-05-2024,2.63,100
1774,687,22-07-2024,4.86,132
1775,694,27-08-2023,2.93,329
1776,996,07-04-2024,2.77,59
1777,188,12-04-2024,3.04,491
1778,232,12-04-2024,2.32,322
1779,699,28-08-2023,3.02,318
1780,935,21-02-2024,4.3,289
1781,73,30-12-2023,3.61,67
1782,598,12-12-2023,2.19,454
1783,55,19-03-2024,1.84,208
1784,706,15-04-2024,2.29,406
1785,195,17-12-2023,2.28,318
1786,868,24-02-2024,2.68,35
1787,379,10-11-2023,1.26,422
1788,344,27-02-2024,1.89,273
1789,821,08-08-2023,3.45,54
1790,645,30-07-2024,2.45,140
1791,806,05-04-2024,3.87,106
1792,746,24-10-2023,1.09,296
1793,200,08-06-2024,2.01,299
1794,547,06-09-2023,4.93,261
1795,875,29-03-2024,4.11,9
1796,337,04-11-2023,1.53,492
1797,958,10-10-2023,1.73,413
1798,323,28-02-2024,2.77,199
1799,595,12-02-2024,4.05,176
1800,608,17-11-2023,3.26,397
1801,69,20-02-2024,2.74,232
1802,646,21-12-2023,4.92,272
1803,29,21-03-2024,1.54,70
1804,680,24-05-2024,2.48,443
1805,930,20-12-2023,4.11,423
1806,21,01-11-2023,3.04,373
1807,900,10-12-2023,1.67,378
1808,397,04-04-2024,2.35,477
1809,910,17-05-2024,1.33,164
1810,796,28-11-2023,4.59,84
1811,260,02-07-2024,4.96,150
1812,252,26-02-2024,1.5,22
1813,342,22-04-2024,1.23,29
1814,545,16-02-2024,4.79,372
1815,851,05-01-2024,1.24,115
1816,135,07-01-2024,2.7,412
1817,542,08-02-2024,3.7,121
1818,283,17-05-2024,3.26,224
1819,44,18-02-2024,4.68,36
1820,587,30-09-2023,2.7,140
1821,825,18-08-2023,2.07,125
1822,167,28-08-2023,1.67,245
1823,729,06-12-2023,4.89,85
1824,626,22-11-2023,3.69,313
1825,983,02-07-2024,4.56,438
1826,249,10-05-2024,1.03,298
1827,356,11-05-2024,2.48,254
1828,622,14-01-2024,2.51,181
1829,334,07-08-2023,2.24,23
1830,138,18-06-2024,1.74,145
1831,89,26-03-2024,4.66,77
1832,333,21-05-2024,4.2,323
1833,816,05-08-2023,4.76,75
1834,56,15-01-2024,2.43,334
1835,564,14-04-2024,1.21,207
1836,775,06-09-2023,3.95,466
1837,611,26-01-2024,2.82,17
1838,428,20-03-2024,4.42,296
1839,18,23-04-2024,2.55,196
1840,665,15-10-2023,1.08,131
1841,824,12-12-2023,3.24,178
1842,830,27-09-2023,1.79,89
1843,495,23-06-2024,1.37,348
1844,416,21-03-2024,2.12,78
1845,624,05-07-2024,1.28,35
1846,748,15-09-2023,2.12,434
1847,21,10-06-2024,4.78,149
1848,236,17-02-2024,3.11,156
1849,232,08-08-2023,1.16,256
1850,385,16-11-2023,1.55,426
1851,246,15-11-2023,3.92,310
1852,283,25-12-2023,1.28,66
1853,466,14-05-2024,2.49,337
1854,450,03-12-2023,3.27,335
1855,572,26-11-2023,1.26,423
1856,580,07-05-2024,3.01,41
1857,586,15-06-2024,1.48,59
1858,613,27-08-2023,3.8,455
1859,614,18-06-2024,2.73,494
1860,408,20-04-2024,2.9,472
1861,58,23-04-2024,1.57,133
1862,326,25-08-2023,4.9,237
1863,523,13-05-2024,1.53,130
1864,156,07-02-2024,3.05,332
1865,607,31-12-2023,1.27,133
1866,875,29-03-2024,4.85,211
1867,810,29-10-2023,2.3,476
1868,993,21-04-2024,2.58,268
1869,767,14-11-2023,4.78,152
1870,974,19-11-2023,1.54,423
1871,948,28-09-2023,3.57,389
1872,953,22-01-2024,1.54,378
1873,982,10-01-2024,4.5,286
1874,941,11-07-2024,3.32,229
1875,104,09-09-2023,3.57,373
1876,821,21-08-2023,3.7,196
1877,882,28-12-2023,2.33,390
1878,333,08-02-2024,1.85,236
1879,340,11-08-2023,2.69,219
1880,334,21-04-2024,4.61,125
1881,988,18-04-2024,3.1,435
1882,265,17-11-2023,1.88,232
1883,730,29-11-2023,2.2,475
1884,357,27-11-2023,2.51,70
1885,769,09-02-2024,1.13,281
1886,59,13-11-2023,4.59,32
1887,890,28-06-2024,1.52,457
1888,521,10-03-2024,4.31,450
1889,27,13-02-2024,2.81,99
1890,845,30-10-2023,4.61,168
1891,242,16-01-2024,1.57,254
1892,173,30-08-2023,3.9,165
1893,676,09-09-2023,4.3,219
1894,974,25-08-2023,3.91,185
1895,392,24-12-2023,3.84,391
1896,262,18-04-2024,1.21,430
1897,438,17-06-2024,4.93,250
1898,688,18-04-2024,3.35,430
1899,799,06-10-2023,3.45,260
1900,243,01-09-2023,1.36,281
1901,421,20-11-2023,4.53,436
1902,965,14-07-2024,4.85,386
1903,545,22-09-2023,2.6,412
1904,764,15-02-2024,1.65,344
1905,12,15-08-2023,1.89,166
1906,384,01-12-2023,1.22,36
1907,66,25-07-2024,1.12,130
1908,701,04-11-2023,1.59,380
1909,10,21-03-2024,3.32,97
1910,642,04-07-2024,1.36,456
1911,425,01-10-2023,1.19,103
1912,344,02-09-2023,1.34,248
1913,786,11-05-2024,2.55,361
1914,131,05-07-2024,4.12,235
1915,619,03-01-2024,2.11,137
1916,207,08-09-2023,2.83,258
1917,110,29-03-2024,4.97,117
1918,626,07-05-2024,2.59,314
1919,288,12-01-2024,4.93,77
1920,926,19-06-2024,2.43,329
1921,309,20-06-2024,4.01,499
1922,810,27-10-2023,3.65,360
1923,250,27-08-2023,2.3,93
1924,254,07-07-2024,3.41,491
1925,669,05-03-2024,3.54,88
1926,168,07-06-2024,3.75,6
1927,880,30-09-2023,2.58,46
1928,735,06-08-2023,2.66,312
1929,829,14-11-2023,3.84,132
1930,60,06-08-2023,4.42,52
1931,784,04-10-2023,3.43,394
1932,891,29-04-2024,4.4,316
1933,46,27-06-2024,4.1,26
1934,843,05-10-2023,2.87,83
1935,442,14-11-2023,4.55,253
1936,618,29-11-2023,2.67,244
1937,847,26-03-2024,4.57,295
1938,900,16-08-2023,4.08,102
1939,836,21-04-2024,2.37,248
1940,4,25-02-2024,1.74,446
1941,988,03-03-2024,4.33,346
1942,4,11-03-2024,2.68,86
1943,302,20-01-2024,3.47,121
1944,422,16-02-2024,2.6,314
1945,662,24-04-2024,2.45,31
1946,619,17-12-2023,2.68,93
1947,103,18-01-2024,4.48,65
1948,933,04-08-2023,4.37,13
1949,798,01-02-2024,4.1,465
1950,375,11-05-2024,1.72,420
1951,131,13-01-2024,4.26,38
1952,884,25-03-2024,2.66,450
1953,588,15-04-2024,3.01,377
1954,48,18-11-2023,4.92,78
1955,127,22-01-2024,3.58,39
1956,167,03-02-2024,2.33,239
1957,898,17-10-2023,4.18,57
1958,589,08-11-2023,2.58,158
1959,902,05-02-2024,4.09,316
1960,750,01-07-2024,1.2,323
1961,314,22-04-2024,2.06,338
1962,516,20-01-2024,3.06,250
1963,590,29-05-2024,4.5,47
1964,960,18-03-2024,1.15,265
1965,171,16-05-2024,1.09,235
1966,29,13-05-2024,2.79,278
1967,287,06-02-2024,3.88,378
1968,798,17-07-2024,3.37,20
1969,125,16-10-2023,4.6,22
1970,150,05-05-2024,1.42,436
1971,708,01-05-2024,1.77,125
1972,619,29-06-2024,1.72,465
1973,395,06-01-2024,2.07,434
1974,182,09-07-2024,1.66,93
1975,993,28-02-2024,4.77,469
1976,272,24-12-2023,1.2,300
1977,147,14-12-2023,4.58,398
1978,610,08-05-2024,3.53,20
1979,529,31-12-2023,1.33,26
1980,275,14-12-2023,3.42,389
1981,258,04-03-2024,3.23,496
1982,255,03-04-2024,4.43,203
1983,507,09-09-2023,1.59,376
1984,868,28-10-2023,3.84,339
1985,31,25-06-2024,4.28,332
1986,526,17-03-2024,1.76,23
1987,938,26-12-2023,3.07,407
1988,605,25-08-2023,3.89,227
1989,960,29-01-2024,1.99,416
1990,162,20-11-2023,4.66,110
1991,68,20-09-2023,1.1,310
1992,339,17-05-2024,4.49,328
1993,899,19-04-2024,3.78,43
1994,739,28-06-2024,4.33,334
1995,756,18-11-2023,1.24,336
1996,179,20-03-2024,1.02,407
1997,601,16-09-2023,2.38,126
1998,552,16-10-2023,1.16,349
1999,944,15-05-2024,2.4,200
2000,946,18-02-2024,3.8,51
2001,264,28-07-2024,5,64
2002,996,02-08-2023,4.03,340
2003,309,20-10-2023,4.64,172
2004,289,07-01-2024,3.43,477
2005,755,29-07-2024,1.65,66
2006,7,07-06-2024,1.75,55
2007,454,30-08-2023,2.66,161
2008,950,22-12-2023,3.31,23
2009,768,10-09-2023,2.98,377
2010,170,26-04-2024,1.61,90
2011,769,06-02-2024,1.58,225
2012,200,09-08-2023,1.77,224
2013,598,28-12-2023,3.59,319
2014,890,15-04-2024,2.5,172
2015,235,22-10-2023,4.43,24
2016,155,14-10-2023,3.83,298
2017,291,01-12-2023,1.66,137
2018,915,28-06-2024,2.31,333
2019,982,07-12-2023,2,111
2020,39,20-06-2024,4,144
2021,413,23-11-2023,1.82,93
2022,799,15-07-2024,2.04,400
2023,379,18-06-2024,4.28,39
2024,988,01-06-2024,1.75,37
2025,881,25-10-2023,2.11,160
2026,740,23-09-2023,2.93,79
2027,951,19-05-2024,1.27,381
2028,176,04-04-2024,1.96,257
2029,327,16-02-2024,4.33,284
2030,263,14-08-2023,4.75,368
2031,391,24-11-2023,3.39,60
2032,751,29-07-2024,1.64,306
2033,95,23-07-2024,1.33,96
2034,168,05-07-2024,4.04,496
2035,620,25-08-2023,1.19,13
2036,550,27-02-2024,3.05,190
2037,703,13-06-2024,3.56,87
2038,418,24-01-2024,1.66,330
2039,722,23-09-2023,4.18,209
2040,674,04-10-2023,3.05,195
2041,461,24-04-2024,4.68,400
2042,111,19-11-2023,1.56,353
2043,40,07-02-2024,1.4,271
2044,558,21-04-2024,1.05,317
2045,790,29-09-2023,1.09,386
2046,707,16-08-2023,3.69,281
2047,358,14-05-2024,1.28,133
2048,658,09-11-2023,1.62,348
2049,838,18-08-2023,4.57,233
2050,291,15-08-2023,2.22,17
2051,245,31-07-2024,1.37,344
2052,21,14-12-2023,2.95,491
2053,749,10-04-2024,3.55,268
2054,387,04-03-2024,3.61,406
2055,543,26-08-2023,1.2,362
2056,248,24-12-2023,4.69,206
2057,699,03-06-2024,2.2,95
2058,439,10-08-2023,4.11,155
2059,580,26-03-2024,2.45,0
2060,526,16-09-2023,3.96,203
2061,359,23-06-2024,4.38,227
2062,714,19-06-2024,2.1,272
2063,728,28-10-2023,1.04,204
2064,249,28-09-2023,2.14,394
2065,617,07-05-2024,1.03,14
2066,944,15-06-2024,1.44,209
2067,883,21-02-2024,3.77,311
2068,2,01-09-2023,1.48,465
2069,390,16-11-2023,2.18,474
2070,170,30-03-2024,4.84,13
2071,454,28-06-2024,2.97,388
2072,718,24-04-2024,4.52,63
2073,862,21-03-2024,1.5,272
2074,87,14-05-2024,2.4,410
2075,131,25-11-2023,4.5,46
2076,241,08-01-2024,3.54,172
2077,523,02-04-2024,2.84,444
2078,708,05-10-2023,2.97,380
2079,655,07-07-2024,1.85,100
2080,838,18-07-2024,2.72,381
2081,994,19-02-2024,3.64,88
2082,281,08-05-2024,1.87,471
2083,134,29-05-2024,1.29,233
2084,474,05-06-2024,4.04,34
2085,389,25-02-2024,2.23,7
2086,177,25-09-2023,2.7,346
2087,298,21-12-2023,3.77,40
2088,897,30-03-2024,4.76,357
2089,305,08-07-2024,4.02,196
2090,428,30-08-2023,3.61,433
2091,418,24-05-2024,4.59,290
2092,390,29-07-2024,1.43,52
2093,732,17-12-2023,1.21,182
2094,924,28-08-2023,2.08,297
2095,145,17-06-2024,3.4,455
2096,424,18-11-2023,4.71,125
2097,697,14-02-2024,4.05,268
2098,970,18-10-2023,3.32,73
2099,996,07-06-2024,1.8,430
2100,39,17-04-2024,1.5,162
2101,44,28-01-2024,4.7,317
2102,493,06-01-2024,1.3,323
2103,477,08-07-2024,2.19,399
2104,680,19-12-2023,2.02,400
2105,444,14-04-2024,2.3,385
2106,62,02-09-2023,1.1,257
2107,655,09-03-2024,2.83,396
2108,627,03-10-2023,4.85,89
2109,393,11-01-2024,3.84,180
2110,141,26-12-2023,4.67,263
2111,499,29-11-2023,2.56,227
2112,401,23-12-2023,3.3,105
2113,119,20-11-2023,1.01,241
2114,677,22-12-2023,4.4,79
2115,779,26-04-2024,3.94,290
2116,185,07-05-2024,2.17,417
2117,773,09-03-2024,4.41,402
2118,179,26-02-2024,1.3,426
2119,67,25-10-2023,2.07,377
2120,924,26-03-2024,2.77,197
2121,882,20-09-2023,2.7,25
2122,95,15-01-2024,1.75,486
2123,712,22-01-2024,1.89,405
2124,191,09-01-2024,4.37,63
2125,70,25-01-2024,4.41,208
2126,881,23-04-2024,3.7,106
2127,670,07-12-2023,1.33,336
2128,756,23-12-2023,1.26,96
2129,409,25-05-2024,2.3,376
2130,251,24-05-2024,1.56,87
2131,959,29-03-2024,1.53,457
2132,31,02-11-2023,3.51,379
2133,787,21-07-2024,3.4,84
2134,758,09-10-2023,2.73,163
2135,607,09-08-2023,4.38,301
2136,130,28-01-2024,1.47,248
2137,771,07-03-2024,4.26,371
2138,711,07-07-2024,1.2,432
2139,883,06-12-2023,2.91,311
2140,436,24-02-2024,4.32,112
2141,694,24-10-2023,4.73,288
2142,278,12-07-2024,4.63,475
2143,424,06-07-2024,2.24,64
2144,661,12-05-2024,3.55,210
2145,338,13-09-2023,1.5,123
2146,993,12-11-2023,1.39,175
2147,13,25-06-2024,2.01,306
2148,87,18-08-2023,2.42,407
2149,49,31-07-2024,1.48,117
2150,899,23-09-2023,3.32,346
2151,647,11-10-2023,2.74,403
2152,459,27-07-2024,2.24,19
2153,938,24-02-2024,2.83,4
2154,468,14-03-2024,2.38,392
2155,972,25-10-2023,4.44,82
2156,675,09-08-2023,1.55,34
2157,337,13-02-2024,2.93,202
2158,405,11-12-2023,2.23,218
2159,616,23-03-2024,3.69,486
2160,52,27-11-2023,4.63,248
2161,376,03-07-2024,1.03,197
2162,123,02-11-2023,3.13,471
2163,234,07-02-2024,1.95,315
2164,937,16-09-2023,4.93,260
2165,819,28-03-2024,3.8,371
2166,674,23-12-2023,2.42,159
2167,51,02-09-2023,3.1,307
2168,177,05-04-2024,3.63,2
2169,959,07-04-2024,2.24,288
2170,663,02-11-2023,3.64,479
2171,123,16-10-2023,4.74,113
2172,345,11-10-2023,1.22,324
2173,40,25-01-2024,1.17,314
2174,855,05-08-2023,1.67,69
2175,347,06-08-2023,2.77,182
2176,712,30-09-2023,3.98,491
2177,927,19-08-2023,2.88,24
2178,31,05-04-2024,1.35,364
2179,597,25-03-2024,4.75,391
2180,588,26-05-2024,2.98,224
2181,273,29-02-2024,3.45,391
2182,491,28-10-2023,4.74,61
2183,381,11-04-2024,4.03,419
2184,17,16-12-2023,2.77,464
2185,389,07-01-2024,3.47,158
2186,537,08-04-2024,3.97,380
2187,251,10-09-2023,4.18,82
2188,254,16-08-2023,2.33,477
2189,830,04-01-2024,2.23,263
2190,901,13-01-2024,1.06,458
2191,653,17-06-2024,4.64,360
2192,69,14-12-2023,1.54,209
2193,663,10-07-2024,1.47,301
2194,771,16-05-2024,1.84,423
2195,346,28-11-2023,1.73,54
2196,440,12-07-2024,2.88,231
2197,89,31-05-2024,1.64,476
2198,579,13-11-2023,2.46,204
2199,286,05-01-2024,3.84,234
2200,16,15-09-2023,1.34,165
2201,333,05-07-2024,4.18,21
2202,213,07-06-2024,2.32,331
2203,523,11-11-2023,4.59,25
2204,184,15-08-2023,4.1,147
2205,219,16-02-2024,3.32,179
2206,300,19-05-2024,4.73,388
2207,414,18-06-2024,2.02,216
2208,581,07-10-2023,2.39,128
2209,67,16-05-2024,4.43,410
2210,373,21-04-2024,1.88,6
2211,215,30-11-2023,3.18,322
2212,639,29-01-2024,4.66,29
2213,206,28-08-2023,1.29,54
2214,694,26-03-2024,4.43,137
2215,314,22-08-2023,2.78,257
2216,330,20-12-2023,2.21,277
2217,762,21-11-2023,2.22,500
2218,72,12-08-2023,4.61,442
2219,239,07-06-2024,3.37,287
2220,920,10-05-2024,4.24,440
2221,132,12-05-2024,3.05,145
2222,262,15-02-2024,1.61,464
2223,851,01-05-2024,1.55,494
2224,338,27-05-2024,4.08,190
2225,763,25-10-2023,4.4,209
2226,452,28-02-2024,1.06,240
2227,260,01-12-2023,2.14,345
2228,122,18-07-2024,1.97,422
2229,8,22-08-2023,2.26,286
2230,972,29-07-2024,1.8,429
2231,114,07-07-2024,2.95,134
2232,708,18-11-2023,1.43,354
2233,466,20-03-2024,2.69,254
2234,853,26-09-2023,1.13,303
2235,136,04-07-2024,3.85,148
2236,156,10-06-2024,2.86,250
2237,615,18-12-2023,2.05,107
2238,208,16-04-2024,4.13,125
2239,530,17-05-2024,1.94,95
2240,372,14-07-2024,3.8,153
2241,348,02-05-2024,4.06,422
2242,387,04-01-2024,2.89,29
2243,387,24-10-2023,1.95,205
2244,325,03-10-2023,2.96,466
2245,673,10-02-2024,4.73,316
2246,128,10-09-2023,1.02,247
2247,149,20-05-2024,4.28,72
2248,308,24-08-2023,3.62,353
2249,351,21-01-2024,3.88,232
2250,360,17-06-2024,4.51,250
2251,811,21-03-2024,1.83,260
2252,280,31-07-2024,4.83,307
2253,424,02-04-2024,1.72,463
2254,390,05-05-2024,3,273
2255,776,03-09-2023,2.74,349
2256,234,14-03-2024,1.54,299
2257,931,01-05-2024,2.66,249
2258,340,23-10-2023,1.28,469
2259,101,03-04-2024,4.33,481
2260,74,12-04-2024,4.7,266
2261,941,05-05-2024,1.6,387
2262,772,26-01-2024,4.76,165
2263,27,30-04-2024,2.24,43
2264,828,15-05-2024,2.67,204
2265,988,13-07-2024,1.3,356
2266,274,15-07-2024,2.61,437
2267,355,20-11-2023,3.46,124
2268,727,18-03-2024,3.01,85
2269,170,06-12-2023,4.17,76
2270,954,11-02-2024,4.77,132
2271,239,21-07-2024,4.46,372
2272,566,21-08-2023,1.2,232
2273,770,26-06-2024,3.66,210
2274,162,09-06-2024,2.62,53
2275,24,28-07-2024,2.78,160
2276,267,26-03-2024,1.63,385
2277,856,09-10-2023,2.53,401
2278,536,30-08-2023,4.76,426
2279,961,05-01-2024,4.49,274
2280,880,05-12-2023,3.03,310
2281,755,08-05-2024,3.61,89
2282,735,23-07-2024,3.55,318
2283,188,21-08-2023,1.91,151
2284,719,21-05-2024,3.86,212
2285,127,12-04-2024,4,101
2286,124,13-06-2024,1.3,247
2287,997,06-04-2024,1.53,468
2288,122,24-06-2024,3.88,240
2289,443,01-03-2024,4.3,193
2290,229,11-04-2024,3.21,304
2291,866,29-01-2024,1.07,212
2292,376,05-08-2023,4.86,385
2293,436,01-06-2024,1.33,399
2294,405,01-08-2024,2.22,22
2295,368,31-10-2023,1.09,330
2296,861,04-02-2024,4,236
2297,940,22-06-2024,1.93,355
2298,256,30-10-2023,2.07,92
2299,860,14-01-2024,3.98,301
2300,3,31-01-2024,2.19,16
2301,453,26-04-2024,2.7,44
2302,770,31-03-2024,4.88,400
2303,89,31-07-2024,4.43,471
2304,249,07-10-2023,3.33,227
2305,960,06-08-2023,4.42,121
2306,82,02-09-2023,4.89,96
2307,160,12-06-2024,4.26,339
2308,635,11-09-2023,3.38,497
2309,406,25-09-2023,2.11,49
2310,593,24-04-2024,2.05,182
2311,982,25-09-2023,5,112
2312,255,22-03-2024,2.81,215
2313,877,12-10-2023,2.41,309
2314,176,01-04-2024,3.17,210
2315,244,07-07-2024,1.52,357
2316,199,19-12-2023,1.48,114
2317,713,01-05-2024,2.44,138
2318,269,14-02-2024,1.19,61
2319,909,23-01-2024,3.46,494
2320,982,28-09-2023,4.77,159
2321,115,02-11-2023,4.69,472
2322,851,16-12-2023,1.71,417
2323,162,05-06-2024,3.62,97
2324,818,11-09-2023,2.87,52
2325,294,02-06-2024,3.09,138
2326,493,16-11-2023,2.31,226
2327,306,08-03-2024,4.71,76
2328,523,11-07-2024,3.76,26
2329,421,10-04-2024,1.98,449
2330,228,19-09-2023,4.55,183
2331,555,28-07-2024,1.52,228
2332,74,21-02-2024,4.49,326
2333,751,21-11-2023,3.13,405
2334,450,18-08-2023,4.4,96
2335,931,10-07-2024,3.52,227
2336,937,25-11-2023,3.58,278
2337,842,25-06-2024,4.99,195
2338,548,04-04-2024,3.32,299
2339,229,10-10-2023,2.35,459
2340,192,22-06-2024,4.05,146
2341,860,14-08-2023,1.98,255
2342,286,18-05-2024,1.64,112
2343,961,14-04-2024,3.41,245
2344,594,07-03-2024,1.35,255
2345,488,14-11-2023,3.43,100
2346,741,19-06-2024,2.01,392
2347,254,23-09-2023,2.49,362
2348,626,22-09-2023,1,436
2349,845,05-11-2023,3.75,454
2350,981,10-02-2024,1.84,139
2351,551,15-01-2024,4.52,236
2352,878,23-05-2024,3.55,120
2353,129,24-03-2024,2.36,277
2354,263,27-10-2023,3.93,19
2355,997,27-10-2023,3.27,10
2356,351,19-07-2024,3.85,363
2357,587,28-04-2024,1.93,265
2358,573,04-06-2024,1.01,86
2359,412,26-12-2023,2.6,446
2360,726,06-01-2024,1.9,84
2361,443,02-08-2023,3.39,180
2362,213,06-01-2024,4.26,86
2363,355,12-05-2024,4.62,139
2364,469,12-09-2023,2,472
2365,324,20-05-2024,1.36,6
2366,323,04-04-2024,2.19,0
2367,962,12-08-2023,3.05,434
2368,224,27-02-2024,3.12,200
2369,238,14-02-2024,2.36,237
2370,555,17-04-2024,2.49,64
2371,790,06-12-2023,1.28,465
2372,365,06-05-2024,4.24,325
2373,312,19-03-2024,3.46,401
2374,266,28-12-2023,1.52,443
2375,645,19-12-2023,2.56,10
2376,520,09-09-2023,1.05,99
2377,263,08-01-2024,2.9,158
2378,579,01-02-2024,1.05,174
2379,888,13-09-2023,1.1,188
2380,504,24-04-2024,4.59,255
2381,807,14-04-2024,1.25,343
2382,219,16-04-2024,3.6,275
2383,566,19-02-2024,4.51,178
2384,284,26-01-2024,3.13,226
2385,834,03-10-2023,3.66,404
2386,635,19-07-2024,4.5,65
2387,857,13-10-2023,3.14,35
2388,825,05-08-2023,2.53,399
2389,287,18-08-2023,1.43,311
2390,849,31-01-2024,2.44,47
2391,379,15-04-2024,4.74,186
2392,220,17-11-2023,2.85,469
2393,589,18-02-2024,4.19,314
2394,327,23-10-2023,2.68,73
2395,797,12-08-2023,3.05,51
2396,450,11-02-2024,4.14,314
2397,312,02-03-2024,3.87,116
2398,778,02-10-2023,2.6,63
2399,716,29-08-2023,3.2,319
2400,836,20-01-2024,1.62,55
2401,267,24-06-2024,3.24,112
2402,495,22-08-2023,1.43,418
2403,644,09-10-2023,3.26,153
2404,363,06-10-2023,2.66,451
2405,746,07-09-2023,4.67,316
2406,327,26-01-2024,2.81,418
2407,276,31-05-2024,3.22,400
2408,880,09-03-2024,4.45,240
2409,717,18-07-2024,1.81,25
2410,452,20-01-2024,2.41,355
2411,509,15-12-2023,4.72,33
2412,730,26-01-2024,2.78,387
2413,869,29-06-2024,1.71,479
2414,649,05-07-2024,2.32,440
2415,51,18-10-2023,2.17,221
2416,567,06-03-2024,4.46,149
2417,975,23-10-2023,1.82,105
2418,701,04-11-2023,1.21,463
2419,931,19-12-2023,2.76,27
2420,716,08-10-2023,4.98,121
2421,510,04-12-2023,1.62,279
2422,450,13-10-2023,2.68,167
2423,801,14-07-2024,4.21,436
2424,788,06-02-2024,3.71,493
2425,488,01-02-2024,2.64,356
2426,187,22-11-2023,3.55,487
2427,403,07-04-2024,1.14,187
2428,301,13-06-2024,3.09,240
2429,722,18-01-2024,1.74,451
2430,883,04-10-2023,1.53,251
2431,28,20-05-2024,3.78,384
2432,38,14-01-2024,3.97,67
2433,227,16-10-2023,4.92,404
2434,871,10-09-2023,1.44,297
2435,942,31-05-2024,2.36,336
2436,311,09-01-2024,1.68,57
2437,524,28-02-2024,1.58,185
2438,347,16-05-2024,3.83,284
2439,957,24-09-2023,2.94,187
2440,72,28-06-2024,1.46,419
2441,606,09-02-2024,3.36,214
2442,113,07-12-2023,1.51,147
2443,671,10-06-2024,1.17,441
2444,480,08-07-2024,4.72,263
2445,4,22-09-2023,1.12,356
2446,489,15-03-2024,1.85,205
2447,978,21-07-2024,1.52,346
2448,980,27-02-2024,4.06,54
2449,427,02-05-2024,3.79,482
2450,637,16-12-2023,4.66,277
2451,307,20-12-2023,4.89,464
2452,846,19-03-2024,2.03,460
2453,270,10-12-2023,2.32,291
2454,165,05-05-2024,2.39,220
2455,356,02-12-2023,2.67,37
2456,533,23-03-2024,2.92,28
2457,605,25-10-2023,1.47,154
2458,739,30-07-2024,3.76,182
2459,624,03-06-2024,2.67,147
2460,936,25-12-2023,4.4,20
2461,871,19-02-2024,3.03,131
2462,142,26-12-2023,4.82,134
2463,764,07-10-2023,3.41,223
2464,143,29-04-2024,3.62,20
2465,469,13-05-2024,4.85,106
2466,223,08-07-2024,1.58,78
2467,167,19-06-2024,1.91,41
2468,821,16-08-2023,4.61,456
2469,166,11-04-2024,3.34,176
2470,717,17-10-2023,3.78,1
2471,443,02-06-2024,2.12,193
2472,38,03-04-2024,3.13,401
2473,849,02-10-2023,1.5,141
2474,542,20-12-2023,1.12,464
2475,324,02-09-2023,3.12,107
2476,157,27-04-2024,3.86,446
2477,626,02-09-2023,1.54,282
2478,7,19-12-2023,3.78,457
2479,11,11-04-2024,3.4,319
2480,660,27-06-2024,1.71,498
2481,593,12-10-2023,2.97,143
2482,667,17-09-2023,3.1,394
2483,834,23-10-2023,3.48,192
2484,258,02-12-2023,4.25,230
2485,583,27-08-2023,3.1,332
2486,926,16-01-2024,4.5,138
2487,256,08-08-2023,3.67,466
2488,209,22-05-2024,4.54,419
2489,330,15-02-2024,1.99,366
2490,40,28-06-2024,4.17,377
2491,726,01-03-2024,1.94,133
2492,554,19-12-2023,1.28,436
2493,644,15-09-2023,2.81,273
2494,855,10-07-2024,4.13,421
2495,996,02-07-2024,3.39,460
2496,18,31-05-2024,1.81,130
2497,404,22-05-2024,4.88,6
2498,538,09-08-2023,4.38,185
2499,902,17-11-2023,2.1,444
2500,339,15-10-2023,1.8,148
2501,396,19-10-2023,2.46,99
2502,726,26-04-2024,1.7,487
2503,386,23-06-2024,3.68,167
2504,948,03-07-2024,3.17,291
2505,734,26-08-2023,2.04,308
2506,457,11-12-2023,4.64,183
2507,851,24-06-2024,4.83,353
2508,642,14-05-2024,2.9,400
2509,409,22-10-2023,4.89,334
2510,859,09-03-2024,1.85,90
2511,322,25-06-2024,4.77,61
2512,954,29-11-2023,3.99,9
2513,471,28-05-2024,3.22,374
2514,284,13-04-2024,4.6,80
2515,593,27-08-2023,1.25,243
2516,601,25-02-2024,3.04,433
2517,279,14-02-2024,3.86,337
2518,815,04-07-2024,1.32,353
2519,401,01-05-2024,1.78,98
2520,246,17-09-2023,3.68,253
2521,363,08-05-2024,2.7,206
2522,967,22-01-2024,3.33,437
2523,417,19-08-2023,4.22,108
2524,883,28-04-2024,2.28,123
2525,30,25-04-2024,1.94,193
2526,403,14-07-2024,3.54,89
2527,68,16-05-2024,2.27,85
2528,57,24-01-2024,1.17,332
2529,16,04-03-2024,3.21,373
2530,555,22-05-2024,2.21,171
2531,69,27-09-2023,4.97,395
2532,924,20-11-2023,2.63,337
2533,907,16-09-2023,4.68,443
2534,471,08-12-2023,3.36,447
2535,607,26-07-2024,3.2,358
2536,287,03-07-2024,1.2,363
2537,159,23-08-2023,4.31,105
2538,366,01-04-2024,2.41,447
2539,472,13-01-2024,2.4,364
2540,195,02-02-2024,2.45,25
2541,601,08-12-2023,4.27,53
2542,54,03-04-2024,1.43,490
2543,287,13-04-2024,4.57,226
2544,940,31-01-2024,3.08,59
2545,294,12-05-2024,3.69,330
2546,933,23-07-2024,1.73,301
2547,312,07-11-2023,2.91,45
2548,317,25-11-2023,3.88,43
2549,766,11-08-2023,2.48,285
2550,80,08-11-2023,4.84,452
2551,727,14-05-2024,1.48,96
2552,732,02-10-2023,3.92,148
2553,484,26-02-2024,4.31,398
2554,24,03-03-2024,2.44,382
2555,529,09-05-2024,2.56,84
2556,190,11-12-2023,2.46,137
2557,110,19-12-2023,2.76,270
2558,532,04-03-2024,2.58,295
2559,528,29-03-2024,2.71,330
2560,631,23-11-2023,2.61,326
2561,317,17-06-2024,4.75,408
2562,527,15-07-2024,3.16,139
2563,259,05-10-2023,3.29,192
2564,439,11-11-2023,2.87,378
2565,638,06-05-2024,4.93,99
2566,887,14-06-2024,1.7,40
2567,4,03-02-2024,4.67,273
2568,825,20-06-2024,3.24,116
2569,918,15-02-2024,1.32,53
2570,828,17-09-2023,2.64,108
2571,235,16-04-2024,3.56,201
2572,407,16-11-2023,3.71,176
2573,923,11-01-2024,1.33,428
2574,453,14-10-2023,4.19,323
2575,676,26-06-2024,4.65,165
2576,245,24-11-2023,3.54,228
2577,372,09-12-2023,3.08,33
2578,254,04-05-2024,1.16,37
2579,648,14-03-2024,3.27,454
2580,99,13-02-2024,3.24,428
2581,193,12-01-2024,4.52,454
2582,291,17-08-2023,3.15,129
2583,946,14-03-2024,1.5,137
2584,232,23-10-2023,3.26,454
2585,915,05-10-2023,3.03,139
2586,584,22-04-2024,2.28,455
2587,611,07-02-2024,3.09,376
2588,750,25-06-2024,3.82,320
2589,86,31-05-2024,2.32,67
2590,631,24-05-2024,2.7,413
2591,115,24-12-2023,3.22,194
2592,979,27-12-2023,1.85,241
2593,655,28-03-2024,4.24,152
2594,804,29-10-2023,4.23,164
2595,904,15-08-2023,4.77,163
2596,885,22-10-2023,2.02,448
2597,943,20-08-2023,1.07,178
2598,118,17-05-2024,1.57,144
2599,586,10-03-2024,4.37,442
2600,762,25-03-2024,2.56,120
2601,98,30-03-2024,4.91,396
2602,584,02-11-2023,1.82,194
2603,785,01-10-2023,1.56,25
2604,916,20-03-2024,4.25,365
2605,595,26-10-2023,2.87,145
2606,594,09-01-2024,1.76,342
2607,879,23-01-2024,3.96,222
2608,206,07-02-2024,1.35,16
2609,194,12-12-2023,1.73,185
2610,799,07-01-2024,3.47,121
2611,523,21-02-2024,4.65,420
2612,478,12-03-2024,1.06,268
2613,346,01-11-2023,1.24,205
2614,782,12-06-2024,2.12,198
2615,942,23-07-2024,2.4,171
2616,100,15-05-2024,5,344
2617,175,19-06-2024,4.84,446
2618,631,03-12-2023,3.99,60
2619,400,04-03-2024,4.01,163
2620,398,19-01-2024,4.12,460
2621,870,03-02-2024,1.28,303
2622,569,13-01-2024,3.72,124
2623,279,01-10-2023,3.21,377
2624,186,21-10-2023,1.01,423
2625,895,08-06-2024,4.92,16
2626,207,13-02-2024,4.67,176
2627,924,07-02-2024,1.32,287
2628,360,31-03-2024,1.92,113
2629,791,03-04-2024,3.71,224
2630,63,21-09-2023,3.24,201
2631,818,06-12-2023,3.32,473
2632,951,25-10-2023,4.96,117
2633,495,25-02-2024,1.27,20
2634,115,22-05-2024,3.75,235
2635,436,27-10-2023,2.53,471
2636,309,16-09-2023,3.57,336
2637,24,19-01-2024,1.6,199
2638,257,17-05-2024,3.15,143
2639,684,10-10-2023,2.85,347
2640,621,31-08-2023,4.36,358
2641,73,21-02-2024,2.98,8
2642,905,21-02-2024,1.84,388
2643,780,01-12-2023,2.67,280
2644,484,18-11-2023,1.44,265
2645,246,01-07-2024,4.18,240
2646,46,05-08-2023,4.34,474
2647,276,09-08-2023,2.59,476
2648,972,02-05-2024,2.82,56
2649,260,01-04-2024,1.11,374
2650,402,27-04-2024,3.08,67
2651,832,02-04-2024,2.89,412
2652,150,27-10-2023,1.96,151
2653,940,17-05-2024,4.37,252
2654,156,22-10-2023,3.05,349
2655,559,16-09-2023,4.06,70
2656,595,11-01-2024,3.2,208
2657,871,31-05-2024,4.22,170
2658,12,18-06-2024,1.24,223
2659,898,20-06-2024,2.18,463
2660,154,24-06-2024,2.06,468
2661,24,16-05-2024,4.49,111
2662,511,13-12-2023,4.29,443
2663,292,24-03-2024,3.36,28
2664,176,18-04-2024,3.83,386
2665,45,14-06-2024,4.32,438
2666,497,06-02-2024,1.86,79
2667,92,06-03-2024,3.81,63
2668,144,20-10-2023,2.46,58
2669,649,19-11-2023,4.48,176
2670,503,29-11-2023,1.47,185
2671,646,27-03-2024,3.7,191
2672,275,17-07-2024,4.61,274
2673,188,15-06-2024,4.8,337
2674,470,05-10-2023,3.14,499
2675,403,13-01-2024,4.33,401
2676,180,01-10-2023,4.59,28
2677,349,09-08-2023,2.76,481
2678,105,20-11-2023,1.91,272
2679,110,28-01-2024,2.63,196
2680,424,17-08-2023,2.28,463
2681,535,28-04-2024,1.13,38
2682,225,09-05-2024,3.63,187
2683,733,12-01-2024,3.26,446
2684,870,12-11-2023,4.59,499
2685,212,16-06-2024,3.35,196
2686,381,12-10-2023,2.65,366
2687,783,26-02-2024,2.42,500
2688,509,15-09-2023,2.26,207
2689,456,21-07-2024,1.16,387
2690,899,01-08-2024,1.93,191
2691,549,05-10-2023,1.39,54
2692,157,24-02-2024,4.16,124
2693,923,02-10-2023,2.36,21
2694,495,14-07-2024,2.65,461
2695,543,27-08-2023,4.17,393
2696,2,13-01-2024,1.44,230
2697,160,09-12-2023,4.7,372
2698,660,27-03-2024,2.81,307
2699,887,10-02-2024,2.11,31
2700,355,14-10-2023,2.84,422
2701,407,01-08-2024,2.23,193
2702,937,16-01-2024,1.98,0
2703,397,20-06-2024,4.11,319
2704,826,03-04-2024,5,367
2705,923,23-07-2024,2.22,151
2706,449,17-12-2023,1.47,210
2707,312,19-03-2024,3.84,113
2708,838,23-04-2024,4.13,160
2709,72,23-07-2024,4.74,494
2710,940,04-03-2024,1.94,137
2711,376,10-04-2024,3.06,15
2712,559,11-06-2024,4.31,297
2713,919,29-01-2024,2.5,374
2714,572,19-10-2023,4.86,479
2715,213,04-05-2024,4.07,107
2716,243,23-05-2024,4.68,83
2717,800,20-07-2024,1.74,311
2718,934,15-01-2024,4.54,127
2719,573,26-03-2024,2.66,339
2720,28,16-08-2023,2.99,171
2721,630,21-12-2023,3.74,154
2722,215,13-03-2024,1.1,69
2723,17,26-02-2024,4.2,17
2724,525,22-06-2024,4.61,75
2725,748,26-12-2023,3.79,223
2726,14,22-11-2023,3.34,178
2727,373,07-07-2024,4.47,419
2728,22,01-07-2024,3.37,209
2729,221,21-04-2024,4.15,407
2730,933,20-09-2023,2.58,473
2731,494,23-02-2024,2.2,16
2732,847,01-02-2024,3.61,382
2733,749,31-08-2023,1.91,96
2734,27,05-03-2024,1.88,269
2735,995,23-02-2024,1.41,333
2736,314,12-03-2024,3.53,394
2737,360,28-12-2023,4.22,171
2738,686,03-11-2023,1.91,369
2739,499,29-05-2024,1.05,398
2740,450,08-06-2024,3.06,414
2741,284,13-07-2024,4.86,33
2742,391,18-03-2024,4.93,458
2743,1000,22-06-2024,2.32,16
2744,703,04-02-2024,2.7,292
2745,81,16-06-2024,3.62,401
2746,667,17-10-2023,1.67,162
2747,883,05-08-2023,3.9,417
2748,5,16-05-2024,3.67,393
2749,735,05-08-2023,4.48,465
2750,814,19-01-2024,4.7,386
2751,442,30-12-2023,3.92,247
2752,117,22-07-2024,2.39,439
2753,356,24-08-2023,1.91,206
2754,2,05-07-2024,2.15,22
2755,651,24-07-2024,4.37,85
2756,800,07-11-2023,2.13,51
2757,90,17-01-2024,3.9,191
2758,504,24-12-2023,3.45,151
2759,442,21-06-2024,2,213
2760,82,23-05-2024,3.89,276
2761,319,17-06-2024,2.38,462
2762,343,09-10-2023,3.12,101
2763,109,18-10-2023,2.58,5
2764,205,07-08-2023,1.51,356
2765,731,10-01-2024,4.19,247
2766,604,18-08-2023,1.22,467
2767,905,28-07-2024,3.67,219
2768,499,09-02-2024,4.39,40
2769,375,27-06-2024,4.32,497
2770,653,17-09-2023,2.59,88
2771,83,05-08-2023,2.29,82
2772,429,19-02-2024,4.53,467
2773,822,13-06-2024,3.59,46
2774,351,10-05-2024,3.42,414
2775,892,27-12-2023,4.26,148
2776,742,18-04-2024,4.35,323
2777,466,21-07-2024,3.21,441
2778,729,20-12-2023,3.07,123
2779,407,12-01-2024,3.49,366
2780,211,19-08-2023,3.41,107
2781,620,13-04-2024,3.89,115
2782,44,14-02-2024,4.59,443
2783,6,15-01-2024,1.45,469
2784,16,28-10-2023,3.68,477
2785,891,03-02-2024,1.79,349
2786,510,06-07-2024,1.87,4
2787,733,05-03-2024,1.28,451
2788,658,27-11-2023,4.18,84
2789,29,25-07-2024,4.59,34
2790,505,31-08-2023,3.99,346
2791,791,01-03-2024,1.39,151
2792,928,06-02-2024,2.14,424
2793,604,07-04-2024,1.36,39
2794,188,09-01-2024,4.23,186
2795,497,15-06-2024,2.05,378
2796,410,05-06-2024,1.91,271
2797,67,30-08-2023,2.62,500
2798,280,12-10-2023,4.14,306
2799,769,07-04-2024,3.55,221
2800,475,07-10-2023,4.2,327
2801,630,03-01-2024,2.77,253
2802,455,05-09-2023,3.59,291
2803,520,03-03-2024,1.93,426
2804,718,20-04-2024,4.26,329
2805,243,31-07-2024,1.13,471
2806,847,29-04-2024,3.92,386
2807,213,18-04-2024,2.62,72
2808,679,08-03-2024,3.96,337
2809,684,02-07-2024,1.42,476
2810,564,05-08-2023,3.32,433
2811,692,16-09-2023,3,400
2812,308,15-02-2024,3.98,40
2813,257,17-07-2024,4.67,471
2814,828,09-12-2023,1.97,301
2815,764,12-02-2024,4.55,150
2816,107,30-12-2023,3.22,94
2817,465,24-03-2024,3.07,498
2818,830,20-11-2023,4.38,45
2819,640,08-01-2024,2.43,341
2820,182,01-05-2024,3.91,60
2821,254,05-11-2023,2.45,223
2822,491,27-06-2024,3.55,244
2823,829,05-06-2024,4.01,349
2824,450,01-02-2024,3.85,15
2825,244,20-11-2023,1.3,57
2826,432,17-11-2023,2.73,2
2827,712,01-11-2023,2.42,407
2828,691,20-08-2023,4.43,24
2829,562,12-02-2024,1.81,199
2830,323,20-10-2023,3.82,43
2831,652,23-11-2023,3.45,436
2832,428,09-05-2024,3.1,164
2833,961,18-09-2023,1.35,351
2834,266,31-07-2024,3.73,353
2835,383,15-07-2024,3.4,136
2836,533,18-12-2023,1.94,286
2837,61,25-04-2024,3.39,53
2838,183,27-08-2023,4.85,158
2839,504,27-04-2024,1.23,163
2840,152,29-10-2023,3.31,453
2841,612,14-08-2023,4.02,416
2842,184,15-06-2024,4.13,277
2843,934,09-12-2023,2.25,327
2844,406,07-09-2023,4.84,276
2845,24,08-04-2024,2.17,472
2846,281,30-05-2024,1.08,74
2847,714,27-09-2023,2.55,185
2848,699,21-12-2023,4.71,378
2849,717,23-12-2023,4.47,418
2850,587,14-08-2023,4.97,286
2851,191,19-06-2024,3.54,47
2852,93,26-08-2023,3.9,282
2853,525,23-10-2023,2.04,216
2854,985,28-04-2024,2.5,32
2855,923,17-01-2024,4.48,435
2856,316,09-08-2023,2.53,347
2857,953,01-02-2024,1.42,417
2858,805,25-12-2023,1.8,381
2859,514,13-02-2024,4.25,132
2860,382,16-11-2023,3.23,232
2861,321,27-01-2024,2.83,162
2862,606,29-04-2024,1.79,396
2863,272,16-12-2023,1.7,22
2864,422,01-09-2023,1.45,265
2865,96,20-05-2024,2.52,456
2866,512,29-02-2024,2.63,356
2867,554,02-08-2023,3.47,324
2868,917,07-06-2024,3.29,185
2869,102,18-10-2023,2.11,230
2870,619,15-06-2024,4.05,435
2871,808,03-01-2024,2.24,290
2872,248,02-01-2024,4.57,101
2873,271,21-09-2023,1.07,157
2874,675,13-06-2024,2.77,317
2875,607,25-04-2024,1.91,385
2876,173,26-05-2024,3.09,198
2877,620,29-10-2023,3.36,341
2878,309,25-05-2024,1.82,7
2879,89,16-09-2023,3.98,482
2880,401,09-07-2024,1.55,123
2881,525,19-07-2024,2.82,480
2882,657,10-12-2023,2.08,466
2883,544,22-05-2024,3.95,97
2884,664,04-12-2023,4.63,496
2885,530,26-05-2024,4.52,367
2886,852,13-02-2024,3.79,380
2887,696,23-03-2024,3.8,224
2888,212,25-03-2024,4.12,171
2889,731,07-03-2024,4.75,83
2890,519,31-07-2024,4.28,174
2891,724,14-06-2024,3.87,15
2892,559,04-11-2023,4.86,121
2893,748,13-04-2024,3.11,103
2894,621,29-01-2024,2.56,415
2895,167,05-06-2024,1.32,216
2896,415,09-07-2024,2.34,10
2897,316,25-11-2023,2.73,472
2898,675,02-01-2024,2.96,44
2899,34,30-01-2024,1.43,441
2900,812,26-05-2024,1.19,7
2901,878,01-10-2023,1.06,264
2902,1000,29-06-2024,4.98,195
2903,614,27-06-2024,4.5,132
2904,289,07-12-2023,3.05,36
2905,923,21-02-2024,3.42,88
2906,181,06-03-2024,1.34,16
2907,552,04-02-2024,2.27,51
2908,501,24-02-2024,1.18,219
2909,318,12-08-2023,3.55,263
2910,595,16-11-2023,3.71,96
2911,269,01-07-2024,3.62,406
2912,96,04-04-2024,3.65,409
2913,382,25-08-2023,1.7,10
2914,907,06-10-2023,3.85,28
2915,527,26-06-2024,4.45,435
2916,77,27-11-2023,1.39,231
2917,79,12-05-2024,4.63,473
2918,989,18-05-2024,1.43,493
2919,703,04-12-2023,1.81,206
2920,465,26-03-2024,3.45,301
2921,327,13-11-2023,2.99,385
2922,14,14-07-2024,3.71,286
2923,795,15-01-2024,2.6,113
2924,51,12-06-2024,1.95,183
2925,459,25-12-2023,3.84,290
2926,776,30-10-2023,4.51,173
2927,989,15-03-2024,4.75,258
2928,861,31-01-2024,4.09,199
2929,854,25-05-2024,2.26,423
2930,866,14-06-2024,4.52,32
2931,970,14-08-2023,3.46,376
2932,515,06-02-2024,1.53,208
2933,59,04-10-2023,2.19,456
2934,680,01-03-2024,1.11,280
2935,735,16-08-2023,4.87,171
2936,331,15-08-2023,2.67,22
2937,603,07-01-2024,4.13,43
2938,921,08-06-2024,3.95,99
2939,136,01-05-2024,4,29
2940,196,01-10-2023,2.83,368
2941,455,03-09-2023,2.58,27
2942,424,28-05-2024,1.03,404
2943,195,22-07-2024,1.39,389
2944,714,19-08-2023,3.77,491
2945,912,03-08-2023,1.44,193
2946,178,15-01-2024,3.68,376
2947,400,25-12-2023,1.11,106
2948,964,02-12-2023,4.6,490
2949,661,21-02-2024,2,481
2950,938,13-12-2023,3.94,195
2951,824,24-05-2024,1.41,236
2952,537,11-04-2024,1.12,137
2953,366,10-02-2024,2.19,23
2954,793,05-12-2023,1.1,294
2955,541,22-06-2024,4.07,355
2956,898,16-05-2024,3.16,84
2957,433,06-08-2023,3.49,291
2958,500,16-11-2023,1.48,152
2959,140,17-12-2023,2.79,322
2960,519,17-06-2024,4.25,493
2961,346,14-03-2024,4.5,206
2962,185,19-10-2023,3.67,407
2963,527,03-09-2023,3.81,479
2964,101,25-05-2024,2.15,130
2965,938,08-12-2023,2.95,212
2966,201,30-12-2023,2.26,479
2967,991,26-08-2023,2.88,53
2968,29,03-08-2023,4.07,24
2969,705,15-07-2024,2.94,287
2970,296,16-11-2023,1.99,131
2971,230,24-11-2023,3.24,458
2972,316,10-02-2024,1.95,366
2973,802,27-06-2024,1.24,160
2974,758,22-12-2023,1.96,276
2975,627,17-09-2023,2.85,456
2976,964,30-06-2024,4.57,382
2977,137,25-11-2023,1.56,13
2978,10,02-08-2023,2.53,93
2979,658,05-07-2024,3.89,191
2980,364,06-11-2023,4.05,249
2981,489,12-06-2024,3.82,476
2982,852,25-12-2023,3.86,321
2983,422,02-06-2024,4.09,49
2984,385,18-01-2024,4.42,306
2985,458,02-07-2024,3.76,52
2986,915,26-09-2023,4.62,164
2987,151,05-11-2023,4.13,174
2988,356,26-02-2024,3.89,479
2989,230,04-02-2024,4.33,312
2990,216,04-06-2024,4.47,246
2991,536,08-09-2023,4.96,181
2992,553,31-03-2024,4.39,222
2993,33,14-02-2024,1.45,148
2994,370,17-03-2024,3.07,228
2995,524,01-06-2024,4.95,477
2996,878,14-01-2024,4.64,264
2997,907,30-03-2024,2.31,176
2998,214,27-01-2024,3.84,418
2999,136,04-06-2024,1.95,435
3000,246,04-06-2024,3.17,312
